[2026-07-13 08:07:37] INFO  ============================================================
[2026-07-13 08:07:37] INFO  TRAINING MODE: Real network (GNS3 + ODL)
[2026-07-13 08:07:37] INFO  episodes=30  steps_per_ep=50  num_links=4
[2026-07-13 08:07:37] INFO  hyperparams: lr=0.0003  gamma=0.95  n_steps=128
[2026-07-13 08:07:37] INFO  ============================================================
[2026-07-13 08:07:39] INFO  Episode   1/30 | failing link=1 port=2
[2026-07-13 08:07:55] DEBUG   step  1 | action=0 reward=+0.000 done=False trnc=False
[2026-07-13 08:07:58] DEBUG   step  2 | action=1 reward=-0.100 done=False trnc=False
[2026-07-13 08:08:01] DEBUG   step  3 | action=0 reward=+0.000 done=False trnc=False
[2026-07-13 08:08:04] DEBUG   step  4 | action=2 reward=-0.100 done=False trnc=False
[2026-07-13 08:08:07] DEBUG   step  5 | action=2 reward=-0.100 done=False trnc=False
[2026-07-13 08:08:10] DEBUG   step  6 | action=0 reward=+0.000 done=False trnc=False
[2026-07-13 08:08:13] DEBUG   step  7 | action=0 reward=+0.000 done=False trnc=False
[2026-07-13 08:08:16] DEBUG   step  8 | action=1 reward=-0.100 done=False trnc=False
[2026-07-13 08:08:19] DEBUG   step  9 | action=3 reward=-0.100 done=False trnc=False
[2026-07-13 08:08:22] DEBUG   step 10 | action=2 reward=-0.100 done=False trnc=False
[2026-07-13 08:08:25] DEBUG   step 11 | action=1 reward=-0.100 done=False trnc=False
[2026-07-13 08:08:28] DEBUG   step 12 | action=2 reward=-0.100 done=False trnc=False
[2026-07-13 08:08:31] DEBUG   step 13 | action=1 reward=-0.100 done=False trnc=False
[2026-07-13 08:08:34] DEBUG   step 14 | action=0 reward=+0.000 done=False trnc=False
[2026-07-13 08:08:37] DEBUG   step 15 | action=3 reward=-0.100 done=False trnc=False
[2026-07-13 08:08:40] DEBUG   step 16 | action=2 reward=-0.100 done=False trnc=False
[2026-07-13 08:08:43] DEBUG   step 17 | action=3 reward=-0.100 done=False trnc=False
[2026-07-13 08:08:46] DEBUG   step 18 | action=0 reward=+0.000 done=False trnc=False
[2026-07-13 08:08:49] DEBUG   step 19 | action=1 reward=-0.100 done=False trnc=False
[2026-07-13 08:08:52] DEBUG   step 20 | action=2 reward=-0.100 done=False trnc=False
[2026-07-13 08:08:55] DEBUG   step 21 | action=1 reward=-0.100 done=False trnc=False
[2026-07-13 08:08:58] DEBUG   step 22 | action=3 reward=-0.100 done=False trnc=False
[2026-07-13 08:09:01] DEBUG   step 23 | action=2 reward=-0.100 done=False trnc=False
[2026-07-13 08:09:04] DEBUG   step 24 | action=0 reward=+0.000 done=False trnc=False
[2026-07-13 08:09:07] DEBUG   step 25 | action=2 reward=-0.100 done=False trnc=False
[2026-07-13 08:09:10] DEBUG   step 26 | action=3 reward=-0.100 done=False trnc=False
[2026-07-13 08:09:13] DEBUG   step 27 | action=0 reward=+0.000 done=False trnc=False
[2026-07-13 08:09:16] DEBUG   step 28 | action=1 reward=-0.100 done=False trnc=False
[2026-07-13 08:09:19] DEBUG   step 29 | action=3 reward=-0.100 done=False trnc=False
[2026-07-13 08:09:22] DEBUG   step 30 | action=0 reward=+0.000 done=False trnc=False
[2026-07-13 08:09:26] DEBUG   step 31 | action=0 reward=+0.000 done=False trnc=False
[2026-07-13 08:09:29] DEBUG   step 32 | action=2 reward=-0.100 done=False trnc=False
[2026-07-13 08:09:32] DEBUG   step 33 | action=3 reward=-0.100 done=False trnc=False
[2026-07-13 08:09:35] DEBUG   step 34 | action=0 reward=+0.000 done=False trnc=False
[2026-07-13 08:09:38] DEBUG   step 35 | action=1 reward=-0.100 done=False trnc=False
[2026-07-13 08:09:41] DEBUG   step 36 | action=0 reward=+0.000 done=False trnc=False
[2026-07-13 08:09:44] DEBUG   step 37 | action=0 reward=+0.000 done=False trnc=False
[2026-07-13 08:09:47] DEBUG   step 38 | action=3 reward=-0.100 done=False trnc=False
[2026-07-13 08:09:50] DEBUG   step 39 | action=1 reward=-0.100 done=False trnc=False
[2026-07-13 08:09:53] DEBUG   step 40 | action=2 reward=-0.100 done=False trnc=False
[2026-07-13 08:09:56] DEBUG   step 41 | action=3 reward=-0.100 done=False trnc=False
[2026-07-13 08:09:59] DEBUG   step 42 | action=0 reward=+0.000 done=False trnc=False
[2026-07-13 08:10:02] DEBUG   step 43 | action=1 reward=-0.100 done=False trnc=False
[2026-07-13 08:10:05] DEBUG   step 44 | action=0 reward=+0.000 done=False trnc=False
[2026-07-13 08:10:08] DEBUG   step 45 | action=3 reward=-0.100 done=False trnc=False
[2026-07-13 08:10:11] DEBUG   step 46 | action=1 reward=-0.100 done=False trnc=False
[2026-07-13 08:10:14] DEBUG   step 47 | action=3 reward=-0.100 done=False trnc=False
[2026-07-13 08:10:17] DEBUG   step 48 | action=3 reward=-0.100 done=False trnc=False
[2026-07-13 08:10:20] DEBUG   step 49 | action=3 reward=-0.100 done=False trnc=False
[2026-07-13 08:10:23] DEBUG   step 50 | action=2 reward=-0.100 done=False trnc=True
[2026-07-13 08:10:23] INFO    -> reward=-3.50  avg_last_20=-3.500  steps=50  done=True
[2026-07-13 08:10:32] INFO  Episode   2/30 | failing link=2 port=3
[2026-07-13 08:10:48] DEBUG   step  1 | action=3 reward=-0.100 done=False trnc=False
[2026-07-13 08:10:51] DEBUG   step  2 | action=2 reward=-0.100 done=False trnc=False
[2026-07-13 08:10:54] DEBUG   step  3 | action=0 reward=+0.000 done=False trnc=False
[2026-07-13 08:10:57] DEBUG   step  4 | action=0 reward=+0.000 done=False trnc=False
[2026-07-13 08:11:00] DEBUG   step  5 | action=2 reward=-0.100 done=False trnc=False
[2026-07-13 08:11:04] DEBUG   step  6 | action=2 reward=-0.100 done=False trnc=False
[2026-07-13 08:11:07] DEBUG   step  7 | action=1 reward=-0.100 done=False trnc=False
[2026-07-13 08:11:10] DEBUG   step  8 | action=3 reward=-0.100 done=False trnc=False
[2026-07-13 08:11:13] DEBUG   step  9 | action=0 reward=+0.000 done=False trnc=False
[2026-07-13 08:11:16] DEBUG   step 10 | action=1 reward=-0.100 done=False trnc=False
[2026-07-13 08:11:19] DEBUG   step 11 | action=1 reward=-0.100 done=False trnc=False
[2026-07-13 08:11:22] DEBUG   step 12 | action=2 reward=-0.100 done=False trnc=False
[2026-07-13 08:11:25] DEBUG   step 13 | action=2 reward=-0.100 done=False trnc=False
[2026-07-13 08:11:28] DEBUG   step 14 | action=1 reward=-0.100 done=False trnc=False
[2026-07-13 08:11:31] DEBUG   step 15 | action=3 reward=-0.100 done=False trnc=False
[2026-07-13 08:11:34] DEBUG   step 16 | action=0 reward=+0.000 done=False trnc=False
[2026-07-13 08:11:37] DEBUG   step 17 | action=0 reward=+0.000 done=False trnc=False
[2026-07-13 08:11:40] DEBUG   step 18 | action=3 reward=-0.100 done=False trnc=False
[2026-07-13 08:11:43] DEBUG   step 19 | action=0 reward=+0.000 done=False trnc=False
[2026-07-13 08:11:46] DEBUG   step 20 | action=2 reward=-0.100 done=False trnc=False
[2026-07-13 08:11:49] DEBUG   step 21 | action=3 reward=-0.100 done=False trnc=False
[2026-07-13 08:11:52] DEBUG   step 22 | action=3 reward=-0.100 done=False trnc=False
[2026-07-13 08:11:55] DEBUG   step 23 | action=3 reward=-0.100 done=False trnc=False
[2026-07-13 08:11:58] DEBUG   step 24 | action=0 reward=+0.000 done=False trnc=False
[2026-07-13 08:12:01] DEBUG   step 25 | action=0 reward=+0.000 done=False trnc=False
[2026-07-13 08:12:04] DEBUG   step 26 | action=1 reward=-0.100 done=False trnc=False
[2026-07-13 08:12:07] DEBUG   step 27 | action=2 reward=-0.100 done=False trnc=False
[2026-07-13 08:12:10] DEBUG   step 28 | action=1 reward=-0.100 done=False trnc=False
[2026-07-13 08:12:13] DEBUG   step 29 | action=3 reward=-0.100 done=False trnc=False
[2026-07-13 08:12:16] DEBUG   step 30 | action=3 reward=-0.100 done=False trnc=False
[2026-07-13 08:12:19] DEBUG   step 31 | action=2 reward=-0.100 done=False trnc=False
[2026-07-13 08:12:22] DEBUG   step 32 | action=3 reward=-0.100 done=False trnc=False
[2026-07-13 08:12:25] DEBUG   step 33 | action=0 reward=+0.000 done=False trnc=False
[2026-07-13 08:12:28] DEBUG   step 34 | action=3 reward=-0.100 done=False trnc=False
[2026-07-13 08:12:31] DEBUG   step 35 | action=3 reward=-0.100 done=False trnc=False
[2026-07-13 08:12:34] DEBUG   step 36 | action=3 reward=-0.100 done=False trnc=False
[2026-07-13 08:12:37] DEBUG   step 37 | action=0 reward=+0.000 done=False trnc=False
[2026-07-13 08:12:40] DEBUG   step 38 | action=3 reward=-0.100 done=False trnc=False
[2026-07-13 08:12:43] DEBUG   step 39 | action=2 reward=-0.100 done=False trnc=False
[2026-07-13 08:12:46] DEBUG   step 40 | action=1 reward=-0.100 done=False trnc=False
[2026-07-13 08:12:49] DEBUG   step 41 | action=2 reward=-0.100 done=False trnc=False
[2026-07-13 08:12:52] DEBUG   step 42 | action=0 reward=+0.000 done=False trnc=False
[2026-07-13 08:12:55] DEBUG   step 43 | action=1 reward=-0.100 done=False trnc=False
[2026-07-13 08:12:58] DEBUG   step 44 | action=1 reward=-0.100 done=False trnc=False
[2026-07-13 08:13:01] DEBUG   step 45 | action=3 reward=-0.100 done=False trnc=False
[2026-07-13 08:13:04] DEBUG   step 46 | action=2 reward=-0.100 done=False trnc=False
[2026-07-13 08:13:07] DEBUG   step 47 | action=1 reward=-0.100 done=False trnc=False
[2026-07-13 08:13:10] DEBUG   step 48 | action=0 reward=+0.000 done=False trnc=False
[2026-07-13 08:13:13] DEBUG   step 49 | action=2 reward=-0.100 done=False trnc=False
[2026-07-13 08:13:16] DEBUG   step 50 | action=3 reward=-0.100 done=False trnc=True
[2026-07-13 08:13:16] INFO    -> reward=-3.80  avg_last_20=-3.650  steps=50  done=True
[2026-07-13 08:13:26] INFO  Episode   3/30 | failing link=0 port=1
[2026-07-13 08:13:42] DEBUG   step  1 | action=3 reward=-0.100 done=False trnc=False
[2026-07-13 08:13:45] DEBUG   step  2 | action=3 reward=-0.100 done=False trnc=False
[2026-07-13 08:13:48] DEBUG   step  3 | action=3 reward=-0.100 done=False trnc=False
[2026-07-13 08:13:51] DEBUG   step  4 | action=1 reward=-0.100 done=False trnc=False
[2026-07-13 08:13:54] DEBUG   step  5 | action=0 reward=+0.000 done=False trnc=False
[2026-07-13 08:13:57] DEBUG   step  6 | action=0 reward=+0.000 done=False trnc=False
[2026-07-13 08:14:00] DEBUG   step  7 | action=2 reward=-0.100 done=False trnc=False
[2026-07-13 08:14:03] DEBUG   step  8 | action=2 reward=-0.100 done=False trnc=False
[2026-07-13 08:14:06] DEBUG   step  9 | action=2 reward=-0.100 done=False trnc=False
[2026-07-13 08:14:09] DEBUG   step 10 | action=3 reward=-0.100 done=False trnc=False
[2026-07-13 08:14:12] DEBUG   step 11 | action=1 reward=-0.100 done=False trnc=False
[2026-07-13 08:14:15] DEBUG   step 12 | action=2 reward=-0.100 done=False trnc=False
[2026-07-13 08:14:18] DEBUG   step 13 | action=1 reward=-0.100 done=False trnc=False
[2026-07-13 08:14:21] DEBUG   step 14 | action=3 reward=-0.100 done=False trnc=False
[2026-07-13 08:14:24] DEBUG   step 15 | action=3 reward=-0.100 done=False trnc=False
[2026-07-13 08:14:27] DEBUG   step 16 | action=3 reward=-0.100 done=False trnc=False
[2026-07-13 08:14:30] DEBUG   step 17 | action=2 reward=-0.100 done=False trnc=False
[2026-07-13 08:14:33] DEBUG   step 18 | action=2 reward=-0.100 done=False trnc=False
[2026-07-13 08:14:36] DEBUG   step 19 | action=1 reward=-0.100 done=False trnc=False
[2026-07-13 08:14:39] DEBUG   step 20 | action=2 reward=-0.100 done=False trnc=False
[2026-07-13 08:14:42] DEBUG   step 21 | action=2 reward=-0.100 done=False trnc=False
[2026-07-13 08:14:45] DEBUG   step 22 | action=2 reward=-0.100 done=False trnc=False
[2026-07-13 08:14:48] DEBUG   step 23 | action=3 reward=-0.100 done=False trnc=False
[2026-07-13 08:14:51] DEBUG   step 24 | action=1 reward=-0.100 done=False trnc=False
[2026-07-13 08:14:54] DEBUG   step 25 | action=1 reward=-0.100 done=False trnc=False
[2026-07-13 08:14:57] DEBUG   step 26 | action=1 reward=-0.100 done=False trnc=False
[2026-07-13 08:15:00] DEBUG   step 27 | action=0 reward=+0.000 done=False trnc=False
[2026-07-13 08:15:03] DEBUG   step 28 | action=1 reward=-0.100 done=False trnc=False
[2026-07-13 08:15:06] DEBUG   step 29 | action=0 reward=+0.000 done=False trnc=False
[2026-07-13 08:15:09] DEBUG   step 30 | action=3 reward=-0.100 done=False trnc=False
[2026-07-13 08:15:12] DEBUG   step 31 | action=0 reward=+0.000 done=False trnc=False
[2026-07-13 08:15:15] DEBUG   step 32 | action=1 reward=-0.100 done=False trnc=False
[2026-07-13 08:15:18] DEBUG   step 33 | action=3 reward=-0.100 done=False trnc=False
[2026-07-13 08:15:21] DEBUG   step 34 | action=1 reward=-0.100 done=False trnc=False
[2026-07-13 08:15:24] DEBUG   step 35 | action=2 reward=-0.100 done=False trnc=False
[2026-07-13 08:15:27] DEBUG   step 36 | action=2 reward=-0.100 done=False trnc=False
[2026-07-13 08:15:30] DEBUG   step 37 | action=1 reward=-0.100 done=False trnc=False
[2026-07-13 08:15:33] DEBUG   step 38 | action=1 reward=-0.100 done=False trnc=False
[2026-07-13 08:15:37] DEBUG   step 39 | action=1 reward=-0.100 done=False trnc=False
[2026-07-13 08:15:40] DEBUG   step 40 | action=0 reward=+0.000 done=False trnc=False
[2026-07-13 08:15:43] DEBUG   step 41 | action=3 reward=-0.100 done=False trnc=False
[2026-07-13 08:15:46] DEBUG   step 42 | action=0 reward=+0.000 done=False trnc=False
[2026-07-13 08:15:49] DEBUG   step 43 | action=1 reward=-0.100 done=False trnc=False
[2026-07-13 08:15:52] DEBUG   step 44 | action=3 reward=-0.100 done=False trnc=False
[2026-07-13 08:15:55] DEBUG   step 45 | action=0 reward=+0.000 done=False trnc=False
[2026-07-13 08:15:58] DEBUG   step 46 | action=3 reward=-0.100 done=False trnc=False
[2026-07-13 08:16:01] DEBUG   step 47 | action=0 reward=+0.000 done=False trnc=False
[2026-07-13 08:16:04] DEBUG   step 48 | action=2 reward=-0.100 done=False trnc=False
[2026-07-13 08:16:07] DEBUG   step 49 | action=3 reward=-0.100 done=False trnc=False
[2026-07-13 08:16:10] DEBUG   step 50 | action=1 reward=-0.100 done=False trnc=True
[2026-07-13 08:16:10] INFO    -> reward=-4.10  avg_last_20=-3.800  steps=50  done=True
[2026-07-13 08:16:19] INFO  Episode   4/30 | failing link=2 port=3
[2026-07-13 08:16:35] DEBUG   step  1 | action=3 reward=-0.100 done=False trnc=False
[2026-07-13 08:16:38] DEBUG   step  2 | action=3 reward=-0.100 done=False trnc=False
[2026-07-13 08:16:41] DEBUG   step  3 | action=0 reward=+0.000 done=False trnc=False
[2026-07-13 08:16:44] DEBUG   step  4 | action=0 reward=+0.000 done=False trnc=False
[2026-07-13 08:16:47] DEBUG   step  5 | action=1 reward=-0.100 done=False trnc=False
[2026-07-13 08:16:50] DEBUG   step  6 | action=3 reward=-0.100 done=False trnc=False
[2026-07-13 08:16:53] DEBUG   step  7 | action=3 reward=-0.100 done=False trnc=False
[2026-07-13 08:16:56] DEBUG   step  8 | action=0 reward=+0.000 done=False trnc=False
[2026-07-13 08:16:59] DEBUG   step  9 | action=2 reward=-0.100 done=False trnc=False
[2026-07-13 08:17:02] DEBUG   step 10 | action=0 reward=+0.000 done=False trnc=False
[2026-07-13 08:17:05] DEBUG   step 11 | action=2 reward=-0.100 done=False trnc=False
[2026-07-13 08:17:08] DEBUG   step 12 | action=1 reward=-0.100 done=False trnc=False
[2026-07-13 08:17:11] DEBUG   step 13 | action=2 reward=-0.100 done=False trnc=False
[2026-07-13 08:17:14] DEBUG   step 14 | action=2 reward=-0.100 done=False trnc=False
[2026-07-13 08:17:17] DEBUG   step 15 | action=3 reward=-0.100 done=False trnc=False
[2026-07-13 08:17:20] DEBUG   step 16 | action=2 reward=-0.100 done=False trnc=False
[2026-07-13 08:17:23] DEBUG   step 17 | action=2 reward=-0.100 done=False trnc=False
[2026-07-13 08:17:26] DEBUG   step 18 | action=1 reward=-0.100 done=False trnc=False
[2026-07-13 08:17:29] DEBUG   step 19 | action=2 reward=-0.100 done=False trnc=False
[2026-07-13 08:17:32] DEBUG   step 20 | action=1 reward=-0.100 done=False trnc=False
[2026-07-13 08:17:35] DEBUG   step 21 | action=2 reward=-0.100 done=False trnc=False
[2026-07-13 08:17:38] DEBUG   step 22 | action=2 reward=-0.100 done=False trnc=False
[2026-07-13 08:17:41] DEBUG   step 23 | action=0 reward=+0.000 done=False trnc=False
[2026-07-13 08:17:44] DEBUG   step 24 | action=2 reward=-0.100 done=False trnc=False
[2026-07-13 08:17:48] DEBUG   step 25 | action=0 reward=+0.000 done=False trnc=False
[2026-07-13 08:17:51] DEBUG   step 26 | action=2 reward=-0.100 done=False trnc=False
[2026-07-13 08:17:54] DEBUG   step 27 | action=2 reward=-0.100 done=False trnc=False
[2026-07-13 08:17:57] DEBUG   step 28 | action=2 reward=-0.100 done=False trnc=False
[2026-07-13 08:18:00] DEBUG   step 29 | action=0 reward=+0.000 done=False trnc=False
[2026-07-13 08:18:03] DEBUG   step 30 | action=2 reward=-0.100 done=False trnc=False
[2026-07-13 08:18:06] DEBUG   step 31 | action=1 reward=-0.100 done=False trnc=False
[2026-07-13 08:18:09] DEBUG   step 32 | action=1 reward=-0.100 done=False trnc=False
[2026-07-13 08:18:12] DEBUG   step 33 | action=3 reward=-0.100 done=False trnc=False
[2026-07-13 08:18:15] DEBUG   step 34 | action=1 reward=-0.100 done=False trnc=False
[2026-07-13 08:18:18] DEBUG   step 35 | action=0 reward=+0.000 done=False trnc=False
[2026-07-13 08:18:21] DEBUG   step 36 | action=0 reward=+0.000 done=False trnc=False
[2026-07-13 08:18:24] DEBUG   step 37 | action=1 reward=-0.100 done=False trnc=False
[2026-07-13 08:18:27] DEBUG   step 38 | action=2 reward=-0.100 done=False trnc=False
[2026-07-13 08:18:30] DEBUG   step 39 | action=3 reward=-0.100 done=False trnc=False
[2026-07-13 08:18:33] DEBUG   step 40 | action=2 reward=-0.100 done=False trnc=False
[2026-07-13 08:18:36] DEBUG   step 41 | action=3 reward=-0.100 done=False trnc=False
[2026-07-13 08:18:39] DEBUG   step 42 | action=0 reward=+0.000 done=False trnc=False
[2026-07-13 08:18:42] DEBUG   step 43 | action=0 reward=+0.000 done=False trnc=False
[2026-07-13 08:18:45] DEBUG   step 44 | action=1 reward=-0.100 done=False trnc=False
[2026-07-13 08:18:48] DEBUG   step 45 | action=3 reward=-0.100 done=False trnc=False
[2026-07-13 08:18:51] DEBUG   step 46 | action=2 reward=-0.100 done=False trnc=False
[2026-07-13 08:18:54] DEBUG   step 47 | action=1 reward=-0.100 done=False trnc=False
[2026-07-13 08:18:57] DEBUG   step 48 | action=3 reward=-0.100 done=False trnc=False
[2026-07-13 08:19:00] DEBUG   step 49 | action=0 reward=+0.000 done=False trnc=False
[2026-07-13 08:19:03] DEBUG   step 50 | action=3 reward=-0.100 done=False trnc=True
[2026-07-13 08:19:03] INFO    -> reward=-3.80  avg_last_20=-3.800  steps=50  done=True
[2026-07-13 08:19:13] INFO  Episode   5/30 | failing link=1 port=2
[2026-07-13 08:19:28] DEBUG   step  1 | action=0 reward=+0.000 done=False trnc=False
[2026-07-13 08:19:31] DEBUG   step  2 | action=2 reward=-0.100 done=False trnc=False
[2026-07-13 08:19:34] DEBUG   step  3 | action=1 reward=-0.100 done=False trnc=False
[2026-07-13 08:19:37] DEBUG   step  4 | action=0 reward=+0.000 done=False trnc=False
[2026-07-13 08:19:40] DEBUG   step  5 | action=3 reward=-0.100 done=False trnc=False
[2026-07-13 08:19:43] DEBUG   step  6 | action=1 reward=-0.100 done=False trnc=False
[2026-07-13 08:19:46] DEBUG   step  7 | action=3 reward=-0.100 done=False trnc=False
[2026-07-13 08:19:49] DEBUG   step  8 | action=0 reward=+0.000 done=False trnc=False
[2026-07-13 08:19:52] DEBUG   step  9 | action=3 reward=-0.100 done=False trnc=False
[2026-07-13 08:19:55] DEBUG   step 10 | action=1 reward=-0.100 done=False trnc=False
[2026-07-13 08:19:59] DEBUG   step 11 | action=2 reward=-0.100 done=False trnc=False
[2026-07-13 08:20:02] DEBUG   step 12 | action=3 reward=-0.100 done=False trnc=False
[2026-07-13 08:20:05] DEBUG   step 13 | action=3 reward=-0.100 done=False trnc=False
[2026-07-13 08:20:08] DEBUG   step 14 | action=2 reward=-0.100 done=False trnc=False
[2026-07-13 08:20:11] DEBUG   step 15 | action=0 reward=+0.000 done=False trnc=False
[2026-07-13 08:20:14] DEBUG   step 16 | action=2 reward=-0.100 done=False trnc=False
[2026-07-13 08:20:17] DEBUG   step 17 | action=0 reward=+0.000 done=False trnc=False
[2026-07-13 08:20:20] DEBUG   step 18 | action=0 reward=+0.000 done=False trnc=False
[2026-07-13 08:20:23] DEBUG   step 19 | action=2 reward=-0.100 done=False trnc=False
[2026-07-13 08:20:26] DEBUG   step 20 | action=0 reward=+0.000 done=False trnc=False
[2026-07-13 08:20:29] DEBUG   step 21 | action=2 reward=-0.100 done=False trnc=False
[2026-07-13 08:20:32] DEBUG   step 22 | action=1 reward=-0.100 done=False trnc=False
[2026-07-13 08:20:35] DEBUG   step 23 | action=1 reward=-0.100 done=False trnc=False
[2026-07-13 08:20:38] DEBUG   step 24 | action=1 reward=-0.100 done=False trnc=False
[2026-07-13 08:20:41] DEBUG   step 25 | action=0 reward=+0.000 done=False trnc=False
[2026-07-13 08:20:44] DEBUG   step 26 | action=3 reward=-0.100 done=False trnc=False
[2026-07-13 08:20:47] DEBUG   step 27 | action=0 reward=+0.000 done=False trnc=False
[2026-07-13 08:20:50] DEBUG   step 28 | action=3 reward=-0.100 done=False trnc=False
[2026-07-13 08:20:53] DEBUG   step 29 | action=0 reward=+0.000 done=False trnc=False
[2026-07-13 08:20:56] DEBUG   step 30 | action=2 reward=-0.100 done=False trnc=False
[2026-07-13 08:20:59] DEBUG   step 31 | action=2 reward=-0.100 done=False trnc=False
[2026-07-13 08:21:02] DEBUG   step 32 | action=2 reward=-0.100 done=False trnc=False
[2026-07-13 08:21:05] DEBUG   step 33 | action=2 reward=-0.100 done=False trnc=False
[2026-07-13 08:21:08] DEBUG   step 34 | action=0 reward=+0.000 done=False trnc=False
[2026-07-13 08:21:11] DEBUG   step 35 | action=0 reward=+0.000 done=False trnc=False
[2026-07-13 08:21:14] DEBUG   step 36 | action=1 reward=-0.100 done=False trnc=False
[2026-07-13 08:21:17] DEBUG   step 37 | action=3 reward=-0.100 done=False trnc=False
[2026-07-13 08:21:20] DEBUG   step 38 | action=0 reward=+0.000 done=False trnc=False
[2026-07-13 08:21:23] DEBUG   step 39 | action=3 reward=-0.100 done=False trnc=False
[2026-07-13 08:21:26] DEBUG   step 40 | action=1 reward=-0.100 done=False trnc=False
[2026-07-13 08:21:29] DEBUG   step 41 | action=2 reward=-0.100 done=False trnc=False
[2026-07-13 08:21:32] DEBUG   step 42 | action=1 reward=-0.100 done=False trnc=False
[2026-07-13 08:21:35] DEBUG   step 43 | action=0 reward=+0.000 done=False trnc=False
[2026-07-13 08:21:38] DEBUG   step 44 | action=1 reward=-0.100 done=False trnc=False
[2026-07-13 08:21:41] DEBUG   step 45 | action=1 reward=-0.100 done=False trnc=False
[2026-07-13 08:21:44] DEBUG   step 46 | action=2 reward=-0.100 done=False trnc=False
[2026-07-13 08:21:47] DEBUG   step 47 | action=1 reward=-0.100 done=False trnc=False
[2026-07-13 08:21:50] DEBUG   step 48 | action=0 reward=+0.000 done=False trnc=False
[2026-07-13 08:21:53] DEBUG   step 49 | action=1 reward=-0.100 done=False trnc=False
[2026-07-13 08:21:56] DEBUG   step 50 | action=2 reward=-0.100 done=False trnc=True
[2026-07-13 08:21:56] INFO    -> reward=-3.50  avg_last_20=-3.740  steps=50  done=True
[2026-07-13 08:22:06] INFO  Episode   6/30 | failing link=2 port=3
[2026-07-13 08:22:22] DEBUG   step  1 | action=3 reward=-0.100 done=False trnc=False
[2026-07-13 08:22:25] DEBUG   step  2 | action=3 reward=-0.100 done=False trnc=False
[2026-07-13 08:22:28] DEBUG   step  3 | action=3 reward=-0.100 done=False trnc=False
[2026-07-13 08:22:31] DEBUG   step  4 | action=1 reward=-0.100 done=False trnc=False
[2026-07-13 08:22:34] DEBUG   step  5 | action=3 reward=-0.100 done=False trnc=False
[2026-07-13 08:22:37] DEBUG   step  6 | action=3 reward=-0.100 done=False trnc=False
[2026-07-13 08:22:40] DEBUG   step  7 | action=2 reward=-0.100 done=False trnc=False
[2026-07-13 08:22:43] DEBUG   step  8 | action=2 reward=-0.100 done=False trnc=False
[2026-07-13 08:22:46] DEBUG   step  9 | action=1 reward=-0.100 done=False trnc=False
[2026-07-13 08:22:49] DEBUG   step 10 | action=0 reward=+0.000 done=False trnc=False
[2026-07-13 08:22:52] DEBUG   step 11 | action=1 reward=-0.100 done=False trnc=False
[2026-07-13 08:22:55] DEBUG   step 12 | action=3 reward=-0.100 done=False trnc=False
[2026-07-13 08:22:58] DEBUG   step 13 | action=0 reward=+0.000 done=False trnc=False
[2026-07-13 08:23:01] DEBUG   step 14 | action=0 reward=+0.000 done=False trnc=False
[2026-07-13 08:23:04] DEBUG   step 15 | action=2 reward=-0.100 done=False trnc=False
[2026-07-13 08:23:07] DEBUG   step 16 | action=3 reward=-0.100 done=False trnc=False
[2026-07-13 08:23:10] DEBUG   step 17 | action=0 reward=+0.000 done=False trnc=False
[2026-07-13 08:23:13] DEBUG   step 18 | action=2 reward=-0.100 done=False trnc=False
[2026-07-13 08:23:16] DEBUG   step 19 | action=1 reward=-0.100 done=False trnc=False
[2026-07-13 08:23:19] DEBUG   step 20 | action=1 reward=-0.100 done=False trnc=False
[2026-07-13 08:23:22] DEBUG   step 21 | action=0 reward=+0.000 done=False trnc=False
[2026-07-13 08:23:25] DEBUG   step 22 | action=3 reward=-0.100 done=False trnc=False
[2026-07-13 08:23:28] DEBUG   step 23 | action=2 reward=-0.100 done=False trnc=False
[2026-07-13 08:23:31] DEBUG   step 24 | action=2 reward=-0.100 done=False trnc=False
[2026-07-13 08:23:34] DEBUG   step 25 | action=3 reward=-0.100 done=False trnc=False
[2026-07-13 08:23:37] DEBUG   step 26 | action=0 reward=+0.000 done=False trnc=False
[2026-07-13 08:23:40] DEBUG   step 27 | action=0 reward=+0.000 done=False trnc=False
[2026-07-13 08:23:43] DEBUG   step 28 | action=0 reward=+0.000 done=False trnc=False
[2026-07-13 08:23:46] DEBUG   step 29 | action=3 reward=-0.100 done=False trnc=False
[2026-07-13 08:23:49] DEBUG   step 30 | action=1 reward=-0.100 done=False trnc=False
[2026-07-13 08:23:52] DEBUG   step 31 | action=3 reward=-0.100 done=False trnc=False
[2026-07-13 08:23:56] DEBUG   step 32 | action=1 reward=-0.100 done=False trnc=False
[2026-07-13 08:23:59] DEBUG   step 33 | action=3 reward=-0.100 done=False trnc=False
[2026-07-13 08:24:02] DEBUG   step 34 | action=0 reward=+0.000 done=False trnc=False
[2026-07-13 08:24:05] DEBUG   step 35 | action=0 reward=+0.000 done=False trnc=False
[2026-07-13 08:24:08] DEBUG   step 36 | action=2 reward=-0.100 done=False trnc=False
[2026-07-13 08:24:11] DEBUG   step 37 | action=1 reward=-0.100 done=False trnc=False
[2026-07-13 08:24:14] DEBUG   step 38 | action=0 reward=+0.000 done=False trnc=False
[2026-07-13 08:24:17] DEBUG   step 39 | action=1 reward=-0.100 done=False trnc=False
[2026-07-13 08:24:20] DEBUG   step 40 | action=3 reward=-0.100 done=False trnc=False
[2026-07-13 08:24:23] DEBUG   step 41 | action=1 reward=-0.100 done=False trnc=False
[2026-07-13 08:24:26] DEBUG   step 42 | action=3 reward=-0.100 done=False trnc=False
[2026-07-13 08:24:29] DEBUG   step 43 | action=0 reward=+0.000 done=False trnc=False
[2026-07-13 08:24:32] DEBUG   step 44 | action=2 reward=-0.100 done=False trnc=False
[2026-07-13 08:24:35] DEBUG   step 45 | action=1 reward=-0.100 done=False trnc=False
[2026-07-13 08:24:38] DEBUG   step 46 | action=0 reward=+0.000 done=False trnc=False
[2026-07-13 08:24:41] DEBUG   step 47 | action=1 reward=-0.100 done=False trnc=False
[2026-07-13 08:24:44] DEBUG   step 48 | action=1 reward=-0.100 done=False trnc=False
[2026-07-13 08:24:47] DEBUG   step 49 | action=0 reward=+0.000 done=False trnc=False
[2026-07-13 08:24:50] DEBUG   step 50 | action=2 reward=-0.100 done=False trnc=True
[2026-07-13 08:24:50] INFO    -> reward=-3.60  avg_last_20=-3.717  steps=50  done=True
[2026-07-13 08:24:59] INFO  Episode   7/30 | failing link=2 port=3
[2026-07-13 08:25:15] DEBUG   step  1 | action=3 reward=-0.100 done=False trnc=False
[2026-07-13 08:25:18] DEBUG   step  2 | action=1 reward=-0.100 done=False trnc=False
[2026-07-13 08:25:21] DEBUG   step  3 | action=3 reward=-0.100 done=False trnc=False
[2026-07-13 08:25:24] DEBUG   step  4 | action=2 reward=-0.100 done=False trnc=False
[2026-07-13 08:25:27] DEBUG   step  5 | action=1 reward=-0.100 done=False trnc=False
[2026-07-13 08:25:30] DEBUG   step  6 | action=0 reward=+0.000 done=False trnc=False
[2026-07-13 08:25:33] DEBUG   step  7 | action=0 reward=+0.000 done=False trnc=False
[2026-07-13 08:25:36] DEBUG   step  8 | action=3 reward=-0.100 done=False trnc=False
[2026-07-13 08:25:39] DEBUG   step  9 | action=2 reward=-0.100 done=False trnc=False
[2026-07-13 08:25:42] DEBUG   step 10 | action=3 reward=-0.100 done=False trnc=False
[2026-07-13 08:25:45] DEBUG   step 11 | action=3 reward=-0.100 done=False trnc=False
[2026-07-13 08:25:48] DEBUG   step 12 | action=0 reward=+0.000 done=False trnc=False
[2026-07-13 08:25:51] DEBUG   step 13 | action=1 reward=-0.100 done=False trnc=False
[2026-07-13 08:25:54] DEBUG   step 14 | action=3 reward=-0.100 done=False trnc=False
[2026-07-13 08:25:57] DEBUG   step 15 | action=1 reward=-0.100 done=False trnc=False
[2026-07-13 08:26:00] DEBUG   step 16 | action=0 reward=+0.000 done=False trnc=False
[2026-07-13 08:26:03] DEBUG   step 17 | action=1 reward=-0.100 done=False trnc=False
[2026-07-13 08:26:06] DEBUG   step 18 | action=2 reward=-0.100 done=False trnc=False
[2026-07-13 08:26:09] DEBUG   step 19 | action=0 reward=+0.000 done=False trnc=False
[2026-07-13 08:26:12] DEBUG   step 20 | action=1 reward=-0.100 done=False trnc=False
[2026-07-13 08:26:15] DEBUG   step 21 | action=2 reward=-0.100 done=False trnc=False
[2026-07-13 08:26:18] DEBUG   step 22 | action=0 reward=+0.000 done=False trnc=False
[2026-07-13 08:26:21] DEBUG   step 23 | action=2 reward=-0.100 done=False trnc=False
[2026-07-13 08:26:24] DEBUG   step 24 | action=3 reward=-0.100 done=False trnc=False
[2026-07-13 08:26:27] DEBUG   step 25 | action=3 reward=-0.100 done=False trnc=False
[2026-07-13 08:26:30] DEBUG   step 26 | action=3 reward=-0.100 done=False trnc=False
[2026-07-13 08:26:33] DEBUG   step 27 | action=3 reward=-0.100 done=False trnc=False
[2026-07-13 08:26:36] DEBUG   step 28 | action=0 reward=+0.000 done=False trnc=False
[2026-07-13 08:26:39] DEBUG   step 29 | action=2 reward=-0.100 done=False trnc=False
[2026-07-13 08:26:42] DEBUG   step 30 | action=3 reward=-0.100 done=False trnc=False
[2026-07-13 08:26:45] DEBUG   step 31 | action=2 reward=-0.100 done=False trnc=False
[2026-07-13 08:26:48] DEBUG   step 32 | action=3 reward=-0.100 done=False trnc=False
[2026-07-13 08:26:51] DEBUG   step 33 | action=3 reward=-0.100 done=False trnc=False
[2026-07-13 08:26:54] DEBUG   step 34 | action=1 reward=-0.100 done=False trnc=False
[2026-07-13 08:26:57] DEBUG   step 35 | action=2 reward=-0.100 done=False trnc=False
[2026-07-13 08:27:00] DEBUG   step 36 | action=1 reward=-0.100 done=False trnc=False
[2026-07-13 08:27:03] DEBUG   step 37 | action=2 reward=-0.100 done=False trnc=False
[2026-07-13 08:27:06] DEBUG   step 38 | action=2 reward=-0.100 done=False trnc=False
[2026-07-13 08:27:09] DEBUG   step 39 | action=2 reward=-0.100 done=False trnc=False
[2026-07-13 08:27:12] DEBUG   step 40 | action=2 reward=-0.100 done=False trnc=False
[2026-07-13 08:27:15] DEBUG   step 41 | action=2 reward=-0.100 done=False trnc=False
[2026-07-13 08:27:18] DEBUG   step 42 | action=3 reward=-0.100 done=False trnc=False
[2026-07-13 08:27:21] DEBUG   step 43 | action=1 reward=-0.100 done=False trnc=False
[2026-07-13 08:27:24] DEBUG   step 44 | action=0 reward=+0.000 done=False trnc=False
[2026-07-13 08:27:27] DEBUG   step 45 | action=3 reward=-0.100 done=False trnc=False
[2026-07-13 08:27:30] DEBUG   step 46 | action=2 reward=-0.100 done=False trnc=False
[2026-07-13 08:27:33] DEBUG   step 47 | action=0 reward=+0.000 done=False trnc=False
[2026-07-13 08:27:37] DEBUG   step 48 | action=3 reward=-0.100 done=False trnc=False
[2026-07-13 08:27:40] DEBUG   step 49 | action=2 reward=-0.100 done=False trnc=False
[2026-07-13 08:27:43] DEBUG   step 50 | action=1 reward=-0.100 done=False trnc=True
[2026-07-13 08:27:43] INFO    -> reward=-4.10  avg_last_20=-3.771  steps=50  done=True
[2026-07-13 08:27:52] INFO  Episode   8/30 | failing link=1 port=2
[2026-07-13 08:28:08] DEBUG   step  1 | action=3 reward=-0.100 done=False trnc=False
[2026-07-13 08:28:11] DEBUG   step  2 | action=1 reward=-0.100 done=False trnc=False
[2026-07-13 08:28:14] DEBUG   step  3 | action=3 reward=-0.100 done=False trnc=False
[2026-07-13 08:28:17] DEBUG   step  4 | action=1 reward=-0.100 done=False trnc=False
[2026-07-13 08:28:20] DEBUG   step  5 | action=3 reward=-0.100 done=False trnc=False
[2026-07-13 08:28:23] DEBUG   step  6 | action=2 reward=-0.100 done=False trnc=False
[2026-07-13 08:28:26] DEBUG   step  7 | action=2 reward=-0.100 done=False trnc=False
[2026-07-13 08:28:29] DEBUG   step  8 | action=1 reward=-0.100 done=False trnc=False
[2026-07-13 08:28:32] DEBUG   step  9 | action=3 reward=-0.100 done=False trnc=False
[2026-07-13 08:28:35] DEBUG   step 10 | action=1 reward=-0.100 done=False trnc=False
[2026-07-13 08:28:38] DEBUG   step 11 | action=3 reward=-0.100 done=False trnc=False
[2026-07-13 08:28:41] DEBUG   step 12 | action=3 reward=-0.100 done=False trnc=False
[2026-07-13 08:28:44] DEBUG   step 13 | action=1 reward=-0.100 done=False trnc=False
[2026-07-13 08:28:47] DEBUG   step 14 | action=3 reward=-0.100 done=False trnc=False
[2026-07-13 08:28:50] DEBUG   step 15 | action=1 reward=-0.100 done=False trnc=False
[2026-07-13 08:28:53] DEBUG   step 16 | action=2 reward=-0.100 done=False trnc=False
[2026-07-13 08:28:56] DEBUG   step 17 | action=3 reward=-0.100 done=False trnc=False
[2026-07-13 08:28:59] DEBUG   step 18 | action=1 reward=-0.100 done=False trnc=False
[2026-07-13 08:29:02] DEBUG   step 19 | action=0 reward=+0.000 done=False trnc=False
[2026-07-13 08:29:05] DEBUG   step 20 | action=0 reward=+0.000 done=False trnc=False
[2026-07-13 08:29:08] DEBUG   step 21 | action=3 reward=-0.100 done=False trnc=False
[2026-07-13 08:29:11] DEBUG   step 22 | action=2 reward=-0.100 done=False trnc=False
[2026-07-13 08:29:14] DEBUG   step 23 | action=0 reward=+0.000 done=False trnc=False
[2026-07-13 08:29:17] DEBUG   step 24 | action=2 reward=-0.100 done=False trnc=False
[2026-07-13 08:29:20] DEBUG   step 25 | action=0 reward=+0.000 done=False trnc=False
[2026-07-13 08:29:23] DEBUG   step 26 | action=1 reward=-0.100 done=False trnc=False
[2026-07-13 08:29:26] DEBUG   step 27 | action=2 reward=-0.100 done=False trnc=False
[2026-07-13 08:29:29] DEBUG   step 28 | action=3 reward=-0.100 done=False trnc=False
[2026-07-13 08:29:32] DEBUG   step 29 | action=1 reward=-0.100 done=False trnc=False
[2026-07-13 08:29:35] DEBUG   step 30 | action=1 reward=-0.100 done=False trnc=False
[2026-07-13 08:29:38] DEBUG   step 31 | action=1 reward=-0.100 done=False trnc=False
[2026-07-13 08:29:41] DEBUG   step 32 | action=1 reward=-0.100 done=False trnc=False
[2026-07-13 08:29:44] DEBUG   step 33 | action=1 reward=-0.100 done=False trnc=False
[2026-07-13 08:29:47] DEBUG   step 34 | action=2 reward=-0.100 done=False trnc=False
[2026-07-13 08:29:50] DEBUG   step 35 | action=1 reward=-0.100 done=False trnc=False
[2026-07-13 08:29:53] DEBUG   step 36 | action=2 reward=-0.100 done=False trnc=False
[2026-07-13 08:29:56] DEBUG   step 37 | action=1 reward=-0.100 done=False trnc=False
[2026-07-13 08:29:59] DEBUG   step 38 | action=2 reward=-0.100 done=False trnc=False
[2026-07-13 08:30:02] DEBUG   step 39 | action=1 reward=-0.100 done=False trnc=False
[2026-07-13 08:30:05] DEBUG   step 40 | action=2 reward=-0.100 done=False trnc=False
[2026-07-13 08:30:08] DEBUG   step 41 | action=0 reward=+0.000 done=False trnc=False
[2026-07-13 08:30:11] DEBUG   step 42 | action=2 reward=-0.100 done=False trnc=False
[2026-07-13 08:30:14] DEBUG   step 43 | action=1 reward=-0.100 done=False trnc=False
[2026-07-13 08:30:17] DEBUG   step 44 | action=2 reward=-0.100 done=False trnc=False
[2026-07-13 08:30:20] DEBUG   step 45 | action=3 reward=-0.100 done=False trnc=False
[2026-07-13 08:30:23] DEBUG   step 46 | action=2 reward=-0.100 done=False trnc=False
[2026-07-13 08:30:26] DEBUG   step 47 | action=2 reward=-0.100 done=False trnc=False
[2026-07-13 08:30:29] DEBUG   step 48 | action=3 reward=-0.100 done=False trnc=False
[2026-07-13 08:30:32] DEBUG   step 49 | action=0 reward=+0.000 done=False trnc=False
[2026-07-13 08:30:35] DEBUG   step 50 | action=2 reward=-0.100 done=False trnc=True
[2026-07-13 08:30:35] INFO    -> reward=-4.40  avg_last_20=-3.850  steps=50  done=True
[2026-07-13 08:30:45] INFO  Episode   9/30 | failing link=0 port=1
[2026-07-13 08:31:01] DEBUG   step  1 | action=3 reward=-0.100 done=False trnc=False
[2026-07-13 08:31:04] DEBUG   step  2 | action=2 reward=-0.100 done=False trnc=False
[2026-07-13 08:31:07] DEBUG   step  3 | action=3 reward=-0.100 done=False trnc=False
[2026-07-13 08:31:10] DEBUG   step  4 | action=3 reward=-0.100 done=False trnc=False
[2026-07-13 08:31:13] DEBUG   step  5 | action=2 reward=-0.100 done=False trnc=False
[2026-07-13 08:31:16] DEBUG   step  6 | action=0 reward=+0.000 done=False trnc=False
[2026-07-13 08:31:19] DEBUG   step  7 | action=3 reward=-0.100 done=False trnc=False
[2026-07-13 08:31:22] DEBUG   step  8 | action=1 reward=-0.100 done=False trnc=False
[2026-07-13 08:31:25] DEBUG   step  9 | action=0 reward=+0.000 done=False trnc=False
[2026-07-13 08:31:28] DEBUG   step 10 | action=1 reward=-0.100 done=False trnc=False
[2026-07-13 08:31:31] DEBUG   step 11 | action=1 reward=-0.100 done=False trnc=False
[2026-07-13 08:31:34] DEBUG   step 12 | action=2 reward=-0.100 done=False trnc=False
[2026-07-13 08:31:37] DEBUG   step 13 | action=1 reward=-0.100 done=False trnc=False
[2026-07-13 08:31:40] DEBUG   step 14 | action=2 reward=-0.100 done=False trnc=False
[2026-07-13 08:31:43] DEBUG   step 15 | action=1 reward=-0.100 done=False trnc=False
[2026-07-13 08:31:46] DEBUG   step 16 | action=1 reward=-0.100 done=False trnc=False
[2026-07-13 08:31:49] DEBUG   step 17 | action=3 reward=-0.100 done=False trnc=False
[2026-07-13 08:31:52] DEBUG   step 18 | action=1 reward=-0.100 done=False trnc=False
[2026-07-13 08:31:55] DEBUG   step 19 | action=2 reward=-0.100 done=False trnc=False
[2026-07-13 08:31:58] DEBUG   step 20 | action=3 reward=-0.100 done=False trnc=False
[2026-07-13 08:32:01] DEBUG   step 21 | action=1 reward=-0.100 done=False trnc=False
[2026-07-13 08:32:04] DEBUG   step 22 | action=2 reward=-0.100 done=False trnc=False
[2026-07-13 08:32:07] DEBUG   step 23 | action=2 reward=-0.100 done=False trnc=False
[2026-07-13 08:32:10] DEBUG   step 24 | action=0 reward=+0.000 done=False trnc=False
[2026-07-13 08:32:13] DEBUG   step 25 | action=0 reward=+0.000 done=False trnc=False
[2026-07-13 08:32:16] DEBUG   step 26 | action=3 reward=-0.100 done=False trnc=False
[2026-07-13 08:32:19] DEBUG   step 27 | action=1 reward=-0.100 done=False trnc=False
[2026-07-13 08:32:23] DEBUG   step 28 | action=0 reward=+0.000 done=False trnc=False
[2026-07-13 08:32:26] DEBUG   step 29 | action=0 reward=+0.000 done=False trnc=False
[2026-07-13 08:32:29] DEBUG   step 30 | action=1 reward=-0.100 done=False trnc=False
[2026-07-13 08:32:32] DEBUG   step 31 | action=1 reward=-0.100 done=False trnc=False
[2026-07-13 08:32:35] DEBUG   step 32 | action=0 reward=+0.000 done=False trnc=False
[2026-07-13 08:32:38] DEBUG   step 33 | action=0 reward=+0.000 done=False trnc=False
[2026-07-13 08:32:41] DEBUG   step 34 | action=0 reward=+0.000 done=False trnc=False
[2026-07-13 08:32:44] DEBUG   step 35 | action=0 reward=+0.000 done=False trnc=False
[2026-07-13 08:32:47] DEBUG   step 36 | action=3 reward=-0.100 done=False trnc=False
[2026-07-13 08:32:50] DEBUG   step 37 | action=1 reward=-0.100 done=False trnc=False
[2026-07-13 08:32:53] DEBUG   step 38 | action=1 reward=-0.100 done=False trnc=False
[2026-07-13 08:32:56] DEBUG   step 39 | action=3 reward=-0.100 done=False trnc=False
[2026-07-13 08:32:59] DEBUG   step 40 | action=0 reward=+0.000 done=False trnc=False
[2026-07-13 08:33:02] DEBUG   step 41 | action=1 reward=-0.100 done=False trnc=False
[2026-07-13 08:33:05] DEBUG   step 42 | action=1 reward=-0.100 done=False trnc=False
[2026-07-13 08:33:08] DEBUG   step 43 | action=0 reward=+0.000 done=False trnc=False
[2026-07-13 08:33:11] DEBUG   step 44 | action=2 reward=-0.100 done=False trnc=False
[2026-07-13 08:33:14] DEBUG   step 45 | action=3 reward=-0.100 done=False trnc=False
[2026-07-13 08:33:17] DEBUG   step 46 | action=3 reward=-0.100 done=False trnc=False
[2026-07-13 08:33:20] DEBUG   step 47 | action=0 reward=+0.000 done=False trnc=False
[2026-07-13 08:33:23] DEBUG   step 48 | action=1 reward=-0.100 done=False trnc=False
[2026-07-13 08:33:26] DEBUG   step 49 | action=0 reward=+0.000 done=False trnc=False
[2026-07-13 08:33:29] DEBUG   step 50 | action=2 reward=-0.100 done=False trnc=True
[2026-07-13 08:33:29] INFO    -> reward=-3.60  avg_last_20=-3.822  steps=50  done=True
[2026-07-13 08:33:39] INFO  Episode  10/30 | failing link=2 port=3
[2026-07-13 08:33:55] DEBUG   step  1 | action=1 reward=-0.100 done=False trnc=False
[2026-07-13 08:33:58] DEBUG   step  2 | action=2 reward=-0.100 done=False trnc=False
[2026-07-13 08:34:01] DEBUG   step  3 | action=0 reward=+0.000 done=False trnc=False
[2026-07-13 08:34:04] DEBUG   step  4 | action=0 reward=+0.000 done=False trnc=False
[2026-07-13 08:34:07] DEBUG   step  5 | action=3 reward=-0.100 done=False trnc=False
[2026-07-13 08:34:10] DEBUG   step  6 | action=1 reward=-0.100 done=False trnc=False
[2026-07-13 08:34:13] DEBUG   step  7 | action=2 reward=-0.100 done=False trnc=False
[2026-07-13 08:34:16] DEBUG   step  8 | action=3 reward=-0.100 done=False trnc=False
[2026-07-13 08:34:19] DEBUG   step  9 | action=0 reward=+0.000 done=False trnc=False
[2026-07-13 08:34:22] DEBUG   step 10 | action=0 reward=+0.000 done=False trnc=False
[2026-07-13 08:34:25] DEBUG   step 11 | action=1 reward=-0.100 done=False trnc=False
[2026-07-13 08:34:28] DEBUG   step 12 | action=3 reward=-0.100 done=False trnc=False
[2026-07-13 08:34:31] DEBUG   step 13 | action=1 reward=-0.100 done=False trnc=False
[2026-07-13 08:34:34] DEBUG   step 14 | action=1 reward=-0.100 done=False trnc=False
[2026-07-13 08:34:37] DEBUG   step 15 | action=0 reward=+0.000 done=False trnc=False
[2026-07-13 08:34:40] DEBUG   step 16 | action=1 reward=-0.100 done=False trnc=False
[2026-07-13 08:34:43] DEBUG   step 17 | action=3 reward=-0.100 done=False trnc=False
[2026-07-13 08:34:46] DEBUG   step 18 | action=0 reward=+0.000 done=False trnc=False
[2026-07-13 08:34:49] DEBUG   step 19 | action=0 reward=+0.000 done=False trnc=False
[2026-07-13 08:34:52] DEBUG   step 20 | action=1 reward=-0.100 done=False trnc=False
[2026-07-13 08:34:55] DEBUG   step 21 | action=1 reward=-0.100 done=False trnc=False
[2026-07-13 08:34:58] DEBUG   step 22 | action=2 reward=-0.100 done=False trnc=False
[2026-07-13 08:35:01] DEBUG   step 23 | action=2 reward=-0.100 done=False trnc=False
[2026-07-13 08:35:04] DEBUG   step 24 | action=0 reward=+0.000 done=False trnc=False
[2026-07-13 08:35:07] DEBUG   step 25 | action=0 reward=+0.000 done=False trnc=False
[2026-07-13 08:35:10] DEBUG   step 26 | action=3 reward=-0.100 done=False trnc=False
[2026-07-13 08:35:13] DEBUG   step 27 | action=2 reward=-0.100 done=False trnc=False
[2026-07-13 08:35:16] DEBUG   step 28 | action=2 reward=-0.100 done=False trnc=False
[2026-07-13 08:35:19] DEBUG   step 29 | action=2 reward=-0.100 done=False trnc=False
[2026-07-13 08:35:22] DEBUG   step 30 | action=1 reward=-0.100 done=False trnc=False
[2026-07-13 08:35:25] DEBUG   step 31 | action=0 reward=+0.000 done=False trnc=False
[2026-07-13 08:35:28] DEBUG   step 32 | action=1 reward=-0.100 done=False trnc=False
[2026-07-13 08:35:31] DEBUG   step 33 | action=0 reward=+0.000 done=False trnc=False
[2026-07-13 08:35:34] DEBUG   step 34 | action=0 reward=+0.000 done=False trnc=False
[2026-07-13 08:35:37] DEBUG   step 35 | action=0 reward=+0.000 done=False trnc=False
[2026-07-13 08:35:40] DEBUG   step 36 | action=0 reward=+0.000 done=False trnc=False
[2026-07-13 08:35:43] DEBUG   step 37 | action=0 reward=+0.000 done=False trnc=False
[2026-07-13 08:35:46] DEBUG   step 38 | action=1 reward=-0.100 done=False trnc=False
[2026-07-13 08:35:49] DEBUG   step 39 | action=0 reward=+0.000 done=False trnc=False
[2026-07-13 08:35:52] DEBUG   step 40 | action=1 reward=-0.100 done=False trnc=False
[2026-07-13 08:35:55] DEBUG   step 41 | action=3 reward=-0.100 done=False trnc=False
[2026-07-13 08:35:58] DEBUG   step 42 | action=2 reward=-0.100 done=False trnc=False
[2026-07-13 08:36:01] DEBUG   step 43 | action=0 reward=+0.000 done=False trnc=False
[2026-07-13 08:36:04] DEBUG   step 44 | action=2 reward=-0.100 done=False trnc=False
[2026-07-13 08:36:07] DEBUG   step 45 | action=0 reward=+0.000 done=False trnc=False
[2026-07-13 08:36:10] DEBUG   step 46 | action=3 reward=-0.100 done=False trnc=False
[2026-07-13 08:36:13] DEBUG   step 47 | action=1 reward=-0.100 done=False trnc=False
[2026-07-13 08:36:16] DEBUG   step 48 | action=3 reward=-0.100 done=False trnc=False
[2026-07-13 08:36:19] DEBUG   step 49 | action=1 reward=-0.100 done=False trnc=False
[2026-07-13 08:36:22] DEBUG   step 50 | action=0 reward=+0.000 done=False trnc=True
[2026-07-13 08:36:22] INFO    -> reward=-3.10  avg_last_20=-3.750  steps=50  done=True
[2026-07-13 08:36:32] INFO  Episode  11/30 | failing link=1 port=2
[2026-07-13 08:36:48] DEBUG   step  1 | action=0 reward=+0.000 done=False trnc=False
[2026-07-13 08:36:51] DEBUG   step  2 | action=0 reward=+0.000 done=False trnc=False
[2026-07-13 08:36:54] DEBUG   step  3 | action=3 reward=-0.100 done=False trnc=False
[2026-07-13 08:36:57] DEBUG   step  4 | action=3 reward=-0.100 done=False trnc=False
[2026-07-13 08:37:00] DEBUG   step  5 | action=0 reward=+0.000 done=False trnc=False
[2026-07-13 08:37:03] DEBUG   step  6 | action=0 reward=+0.000 done=False trnc=False
[2026-07-13 08:37:06] DEBUG   step  7 | action=2 reward=-0.100 done=False trnc=False
[2026-07-13 08:37:09] DEBUG   step  8 | action=1 reward=-0.100 done=False trnc=False
[2026-07-13 08:37:12] DEBUG   step  9 | action=2 reward=-0.100 done=False trnc=False
[2026-07-13 08:37:15] DEBUG   step 10 | action=0 reward=+0.000 done=False trnc=False
[2026-07-13 08:37:18] DEBUG   step 11 | action=2 reward=-0.100 done=False trnc=False
[2026-07-13 08:37:21] DEBUG   step 12 | action=1 reward=-0.100 done=False trnc=False
[2026-07-13 08:37:24] DEBUG   step 13 | action=1 reward=-0.100 done=False trnc=False
[2026-07-13 08:37:27] DEBUG   step 14 | action=1 reward=-0.100 done=False trnc=False
[2026-07-13 08:37:30] DEBUG   step 15 | action=1 reward=-0.100 done=False trnc=False
[2026-07-13 08:37:33] DEBUG   step 16 | action=1 reward=-0.100 done=False trnc=False
[2026-07-13 08:37:36] DEBUG   step 17 | action=3 reward=-0.100 done=False trnc=False
[2026-07-13 08:37:39] DEBUG   step 18 | action=1 reward=-0.100 done=False trnc=False
[2026-07-13 08:37:42] DEBUG   step 19 | action=2 reward=-0.100 done=False trnc=False
[2026-07-13 08:37:45] DEBUG   step 20 | action=2 reward=-0.100 done=False trnc=False
[2026-07-13 08:37:48] DEBUG   step 21 | action=2 reward=-0.100 done=False trnc=False
[2026-07-13 08:37:51] DEBUG   step 22 | action=3 reward=-0.100 done=False trnc=False
[2026-07-13 08:37:54] DEBUG   step 23 | action=3 reward=-0.100 done=False trnc=False
[2026-07-13 08:37:57] DEBUG   step 24 | action=2 reward=-0.100 done=False trnc=False
[2026-07-13 08:38:00] DEBUG   step 25 | action=0 reward=+0.000 done=False trnc=False
[2026-07-13 08:38:03] DEBUG   step 26 | action=1 reward=-0.100 done=False trnc=False
[2026-07-13 08:38:06] DEBUG   step 27 | action=0 reward=+0.000 done=False trnc=False
[2026-07-13 08:38:09] DEBUG   step 28 | action=0 reward=+0.000 done=False trnc=False
[2026-07-13 08:38:12] DEBUG   step 29 | action=0 reward=+0.000 done=False trnc=False
[2026-07-13 08:38:15] DEBUG   step 30 | action=0 reward=+0.000 done=False trnc=False
[2026-07-13 08:38:18] DEBUG   step 31 | action=2 reward=-0.100 done=False trnc=False
[2026-07-13 08:38:21] DEBUG   step 32 | action=0 reward=+0.000 done=False trnc=False
[2026-07-13 08:38:24] DEBUG   step 33 | action=1 reward=-0.100 done=False trnc=False
[2026-07-13 08:38:27] DEBUG   step 34 | action=2 reward=-0.100 done=False trnc=False
[2026-07-13 08:38:30] DEBUG   step 35 | action=2 reward=-0.100 done=False trnc=False
[2026-07-13 08:38:33] DEBUG   step 36 | action=2 reward=-0.100 done=False trnc=False
[2026-07-13 08:38:36] DEBUG   step 37 | action=0 reward=+0.000 done=False trnc=False
[2026-07-13 08:38:39] DEBUG   step 38 | action=1 reward=-0.100 done=False trnc=False
[2026-07-13 08:38:42] DEBUG   step 39 | action=2 reward=-0.100 done=False trnc=False
[2026-07-13 08:38:45] DEBUG   step 40 | action=1 reward=-0.100 done=False trnc=False
[2026-07-13 08:38:48] DEBUG   step 41 | action=1 reward=-0.100 done=False trnc=False
[2026-07-13 08:38:51] DEBUG   step 42 | action=1 reward=-0.100 done=False trnc=False
[2026-07-13 08:38:54] DEBUG   step 43 | action=0 reward=+0.000 done=False trnc=False
[2026-07-13 08:38:57] DEBUG   step 44 | action=2 reward=-0.100 done=False trnc=False
[2026-07-13 08:39:00] DEBUG   step 45 | action=1 reward=-0.100 done=False trnc=False
[2026-07-13 08:39:03] DEBUG   step 46 | action=2 reward=-0.100 done=False trnc=False
[2026-07-13 08:39:06] DEBUG   step 47 | action=3 reward=-0.100 done=False trnc=False
[2026-07-13 08:39:09] DEBUG   step 48 | action=1 reward=-0.100 done=False trnc=False
[2026-07-13 08:39:12] DEBUG   step 49 | action=3 reward=-0.100 done=False trnc=False
[2026-07-13 08:39:15] DEBUG   step 50 | action=2 reward=-0.100 done=False trnc=True
[2026-07-13 08:39:15] INFO    -> reward=-3.70  avg_last_20=-3.745  steps=50  done=True
[2026-07-13 08:39:25] INFO  Episode  12/30 | failing link=2 port=3
[2026-07-13 08:39:41] DEBUG   step  1 | action=1 reward=-0.100 done=False trnc=False
[2026-07-13 08:39:44] DEBUG   step  2 | action=0 reward=+0.000 done=False trnc=False
[2026-07-13 08:39:47] DEBUG   step  3 | action=2 reward=-0.100 done=False trnc=False
[2026-07-13 08:39:50] DEBUG   step  4 | action=0 reward=+0.000 done=False trnc=False
[2026-07-13 08:39:53] DEBUG   step  5 | action=0 reward=+0.000 done=False trnc=False
[2026-07-13 08:39:56] DEBUG   step  6 | action=0 reward=+0.000 done=False trnc=False
[2026-07-13 08:39:59] DEBUG   step  7 | action=1 reward=-0.100 done=False trnc=False
[2026-07-13 08:40:02] DEBUG   step  8 | action=3 reward=-0.100 done=False trnc=False
[2026-07-13 08:40:05] DEBUG   step  9 | action=3 reward=-0.100 done=False trnc=False
[2026-07-13 08:40:08] DEBUG   step 10 | action=1 reward=-0.100 done=False trnc=False
[2026-07-13 08:40:11] DEBUG   step 11 | action=3 reward=-0.100 done=False trnc=False
[2026-07-13 08:40:14] DEBUG   step 12 | action=1 reward=-0.100 done=False trnc=False
[2026-07-13 08:40:17] DEBUG   step 13 | action=3 reward=-0.100 done=False trnc=False
[2026-07-13 08:40:20] DEBUG   step 14 | action=3 reward=-0.100 done=False trnc=False
[2026-07-13 08:40:23] DEBUG   step 15 | action=2 reward=-0.100 done=False trnc=False
[2026-07-13 08:40:26] DEBUG   step 16 | action=3 reward=-0.100 done=False trnc=False
[2026-07-13 08:40:29] DEBUG   step 17 | action=3 reward=-0.100 done=False trnc=False
[2026-07-13 08:40:32] DEBUG   step 18 | action=0 reward=+0.000 done=False trnc=False
[2026-07-13 08:40:35] DEBUG   step 19 | action=1 reward=-0.100 done=False trnc=False
[2026-07-13 08:40:38] DEBUG   step 20 | action=1 reward=-0.100 done=False trnc=False
[2026-07-13 08:40:41] DEBUG   step 21 | action=0 reward=+0.000 done=False trnc=False
[2026-07-13 08:40:44] DEBUG   step 22 | action=3 reward=-0.100 done=False trnc=False
[2026-07-13 08:40:47] DEBUG   step 23 | action=1 reward=-0.100 done=False trnc=False
[2026-07-13 08:40:50] DEBUG   step 24 | action=2 reward=-0.100 done=False trnc=False
[2026-07-13 08:40:53] DEBUG   step 25 | action=0 reward=+0.000 done=False trnc=False
[2026-07-13 08:40:56] DEBUG   step 26 | action=0 reward=+0.000 done=False trnc=False
[2026-07-13 08:40:59] DEBUG   step 27 | action=1 reward=-0.100 done=False trnc=False
[2026-07-13 08:41:02] DEBUG   step 28 | action=0 reward=+0.000 done=False trnc=False
[2026-07-13 08:41:05] DEBUG   step 29 | action=3 reward=-0.100 done=False trnc=False
[2026-07-13 08:41:08] DEBUG   step 30 | action=3 reward=-0.100 done=False trnc=False
[2026-07-13 08:41:11] DEBUG   step 31 | action=0 reward=+0.000 done=False trnc=False
[2026-07-13 08:41:14] DEBUG   step 32 | action=0 reward=+0.000 done=False trnc=False
[2026-07-13 08:41:17] DEBUG   step 33 | action=3 reward=-0.100 done=False trnc=False
[2026-07-13 08:41:20] DEBUG   step 34 | action=1 reward=-0.100 done=False trnc=False
[2026-07-13 08:41:23] DEBUG   step 35 | action=3 reward=-0.100 done=False trnc=False
[2026-07-13 08:41:26] DEBUG   step 36 | action=2 reward=-0.100 done=False trnc=False
[2026-07-13 08:41:29] DEBUG   step 37 | action=2 reward=-0.100 done=False trnc=False
[2026-07-13 08:41:32] DEBUG   step 38 | action=3 reward=-0.100 done=False trnc=False
[2026-07-13 08:41:35] DEBUG   step 39 | action=2 reward=-0.100 done=False trnc=False
[2026-07-13 08:41:38] DEBUG   step 40 | action=0 reward=+0.000 done=False trnc=False
[2026-07-13 08:41:41] DEBUG   step 41 | action=0 reward=+0.000 done=False trnc=False
[2026-07-13 08:41:44] DEBUG   step 42 | action=3 reward=-0.100 done=False trnc=False
[2026-07-13 08:41:47] DEBUG   step 43 | action=3 reward=-0.100 done=False trnc=False
[2026-07-13 08:41:50] DEBUG   step 44 | action=0 reward=+0.000 done=False trnc=False
[2026-07-13 08:41:53] DEBUG   step 45 | action=2 reward=-0.100 done=False trnc=False
[2026-07-13 08:41:56] DEBUG   step 46 | action=3 reward=-0.100 done=False trnc=False
[2026-07-13 08:41:59] DEBUG   step 47 | action=1 reward=-0.100 done=False trnc=False
[2026-07-13 08:42:02] DEBUG   step 48 | action=0 reward=+0.000 done=False trnc=False
[2026-07-13 08:42:05] DEBUG   step 49 | action=0 reward=+0.000 done=False trnc=False
[2026-07-13 08:42:08] DEBUG   step 50 | action=3 reward=-0.100 done=False trnc=True
[2026-07-13 08:42:08] INFO    -> reward=-3.40  avg_last_20=-3.717  steps=50  done=True
[2026-07-13 08:42:18] INFO  Episode  13/30 | failing link=1 port=2
[2026-07-13 08:42:34] DEBUG   step  1 | action=1 reward=-0.100 done=False trnc=False
[2026-07-13 08:42:37] DEBUG   step  2 | action=0 reward=+0.000 done=False trnc=False
[2026-07-13 08:42:40] DEBUG   step  3 | action=1 reward=-0.100 done=False trnc=False
[2026-07-13 08:42:43] DEBUG   step  4 | action=3 reward=-0.100 done=False trnc=False
[2026-07-13 08:42:46] DEBUG   step  5 | action=3 reward=-0.100 done=False trnc=False
[2026-07-13 08:42:49] DEBUG   step  6 | action=2 reward=-0.100 done=False trnc=False
[2026-07-13 08:42:52] DEBUG   step  7 | action=2 reward=-0.100 done=False trnc=False
[2026-07-13 08:42:55] DEBUG   step  8 | action=1 reward=-0.100 done=False trnc=False
[2026-07-13 08:42:58] DEBUG   step  9 | action=2 reward=-0.100 done=False trnc=False
[2026-07-13 08:43:01] DEBUG   step 10 | action=0 reward=+0.000 done=False trnc=False
[2026-07-13 08:43:04] DEBUG   step 11 | action=1 reward=-0.100 done=False trnc=False
[2026-07-13 08:43:07] DEBUG   step 12 | action=2 reward=-0.100 done=False trnc=False
[2026-07-13 08:43:10] DEBUG   step 13 | action=0 reward=+0.000 done=False trnc=False
[2026-07-13 08:43:13] DEBUG   step 14 | action=0 reward=+0.000 done=False trnc=False
[2026-07-13 08:43:16] DEBUG   step 15 | action=2 reward=-0.100 done=False trnc=False
[2026-07-13 08:43:19] DEBUG   step 16 | action=2 reward=-0.100 done=False trnc=False
[2026-07-13 08:43:22] DEBUG   step 17 | action=0 reward=+0.000 done=False trnc=False
[2026-07-13 08:43:25] DEBUG   step 18 | action=2 reward=-0.100 done=False trnc=False
[2026-07-13 08:43:28] DEBUG   step 19 | action=3 reward=-0.100 done=False trnc=False
[2026-07-13 08:43:31] DEBUG   step 20 | action=2 reward=-0.100 done=False trnc=False
[2026-07-13 08:43:34] DEBUG   step 21 | action=1 reward=-0.100 done=False trnc=False
[2026-07-13 08:43:37] DEBUG   step 22 | action=3 reward=-0.100 done=False trnc=False
[2026-07-13 08:43:40] DEBUG   step 23 | action=1 reward=-0.100 done=False trnc=False
[2026-07-13 08:43:43] DEBUG   step 24 | action=2 reward=-0.100 done=False trnc=False
[2026-07-13 08:43:46] DEBUG   step 25 | action=3 reward=-0.100 done=False trnc=False
[2026-07-13 08:43:49] DEBUG   step 26 | action=2 reward=-0.100 done=False trnc=False
[2026-07-13 08:43:52] DEBUG   step 27 | action=2 reward=-0.100 done=False trnc=False
[2026-07-13 08:43:55] DEBUG   step 28 | action=2 reward=-0.100 done=False trnc=False
[2026-07-13 08:43:58] DEBUG   step 29 | action=0 reward=+0.000 done=False trnc=False
[2026-07-13 08:44:01] DEBUG   step 30 | action=0 reward=+0.000 done=False trnc=False
[2026-07-13 08:44:04] DEBUG   step 31 | action=0 reward=+0.000 done=False trnc=False
[2026-07-13 08:44:07] DEBUG   step 32 | action=2 reward=-0.100 done=False trnc=False
[2026-07-13 08:44:10] DEBUG   step 33 | action=3 reward=-0.100 done=False trnc=False
[2026-07-13 08:44:13] DEBUG   step 34 | action=1 reward=-0.100 done=False trnc=False
[2026-07-13 08:44:16] DEBUG   step 35 | action=2 reward=-0.100 done=False trnc=False
[2026-07-13 08:44:19] DEBUG   step 36 | action=2 reward=-0.100 done=False trnc=False
[2026-07-13 08:44:22] DEBUG   step 37 | action=2 reward=-0.100 done=False trnc=False
[2026-07-13 08:44:25] DEBUG   step 38 | action=2 reward=-0.100 done=False trnc=False
[2026-07-13 08:44:28] DEBUG   step 39 | action=3 reward=-0.100 done=False trnc=False
[2026-07-13 08:44:31] DEBUG   step 40 | action=3 reward=-0.100 done=False trnc=False
[2026-07-13 08:44:34] DEBUG   step 41 | action=3 reward=-0.100 done=False trnc=False
[2026-07-13 08:44:37] DEBUG   step 42 | action=3 reward=-0.100 done=False trnc=False
[2026-07-13 08:44:40] DEBUG   step 43 | action=2 reward=-0.100 done=False trnc=False
[2026-07-13 08:44:43] DEBUG   step 44 | action=2 reward=-0.100 done=False trnc=False
[2026-07-13 08:44:46] DEBUG   step 45 | action=3 reward=-0.100 done=False trnc=False
[2026-07-13 08:44:49] DEBUG   step 46 | action=3 reward=-0.100 done=False trnc=False
[2026-07-13 08:44:52] DEBUG   step 47 | action=0 reward=+0.000 done=False trnc=False
[2026-07-13 08:44:55] DEBUG   step 48 | action=3 reward=-0.100 done=False trnc=False
[2026-07-13 08:44:58] DEBUG   step 49 | action=2 reward=-0.100 done=False trnc=False
[2026-07-13 08:45:01] DEBUG   step 50 | action=1 reward=-0.100 done=False trnc=True
[2026-07-13 08:45:01] INFO    -> reward=-4.10  avg_last_20=-3.746  steps=50  done=True
[2026-07-13 08:45:11] INFO  Episode  14/30 | failing link=2 port=3
[2026-07-13 08:45:27] DEBUG   step  1 | action=2 reward=-0.100 done=False trnc=False
[2026-07-13 08:45:30] DEBUG   step  2 | action=2 reward=-0.100 done=False trnc=False
[2026-07-13 08:45:33] DEBUG   step  3 | action=1 reward=-0.100 done=False trnc=False
[2026-07-13 08:45:36] DEBUG   step  4 | action=1 reward=-0.100 done=False trnc=False
[2026-07-13 08:45:39] DEBUG   step  5 | action=0 reward=+0.000 done=False trnc=False
[2026-07-13 08:45:42] DEBUG   step  6 | action=2 reward=-0.100 done=False trnc=False
[2026-07-13 08:45:45] DEBUG   step  7 | action=1 reward=-0.100 done=False trnc=False
[2026-07-13 08:45:48] DEBUG   step  8 | action=0 reward=+0.000 done=False trnc=False
[2026-07-13 08:45:51] DEBUG   step  9 | action=2 reward=-0.100 done=False trnc=False
[2026-07-13 08:45:54] DEBUG   step 10 | action=2 reward=-0.100 done=False trnc=False
[2026-07-13 08:45:57] DEBUG   step 11 | action=1 reward=-0.100 done=False trnc=False
[2026-07-13 08:46:00] DEBUG   step 12 | action=0 reward=+0.000 done=False trnc=False
[2026-07-13 08:46:03] DEBUG   step 13 | action=1 reward=-0.100 done=False trnc=False
[2026-07-13 08:46:06] DEBUG   step 14 | action=2 reward=-0.100 done=False trnc=False
[2026-07-13 08:46:09] DEBUG   step 15 | action=0 reward=+0.000 done=False trnc=False
[2026-07-13 08:46:12] DEBUG   step 16 | action=1 reward=-0.100 done=False trnc=False
[2026-07-13 08:46:15] DEBUG   step 17 | action=2 reward=-0.100 done=False trnc=False
[2026-07-13 08:46:18] DEBUG   step 18 | action=1 reward=-0.100 done=False trnc=False
[2026-07-13 08:46:21] DEBUG   step 19 | action=3 reward=-0.100 done=False trnc=False
[2026-07-13 08:46:24] DEBUG   step 20 | action=3 reward=-0.100 done=False trnc=False
[2026-07-13 08:46:27] DEBUG   step 21 | action=1 reward=-0.100 done=False trnc=False
[2026-07-13 08:46:30] DEBUG   step 22 | action=0 reward=+0.000 done=False trnc=False
[2026-07-13 08:46:33] DEBUG   step 23 | action=2 reward=-0.100 done=False trnc=False
[2026-07-13 08:46:36] DEBUG   step 24 | action=3 reward=-0.100 done=False trnc=False
[2026-07-13 08:46:39] DEBUG   step 25 | action=1 reward=-0.100 done=False trnc=False
[2026-07-13 08:46:42] DEBUG   step 26 | action=0 reward=+0.000 done=False trnc=False
[2026-07-13 08:46:45] DEBUG   step 27 | action=2 reward=-0.100 done=False trnc=False
[2026-07-13 08:46:48] DEBUG   step 28 | action=2 reward=-0.100 done=False trnc=False
[2026-07-13 08:46:51] DEBUG   step 29 | action=3 reward=-0.100 done=False trnc=False
[2026-07-13 08:46:54] DEBUG   step 30 | action=0 reward=+0.000 done=False trnc=False
[2026-07-13 08:46:57] DEBUG   step 31 | action=1 reward=-0.100 done=False trnc=False
[2026-07-13 08:47:00] DEBUG   step 32 | action=2 reward=-0.100 done=False trnc=False
[2026-07-13 08:47:03] DEBUG   step 33 | action=3 reward=-0.100 done=False trnc=False
[2026-07-13 08:47:06] DEBUG   step 34 | action=1 reward=-0.100 done=False trnc=False
[2026-07-13 08:47:09] DEBUG   step 35 | action=2 reward=-0.100 done=False trnc=False
[2026-07-13 08:47:12] DEBUG   step 36 | action=2 reward=-0.100 done=False trnc=False
[2026-07-13 08:47:15] DEBUG   step 37 | action=0 reward=+0.000 done=False trnc=False
[2026-07-13 08:47:18] DEBUG   step 38 | action=3 reward=-0.100 done=False trnc=False
[2026-07-13 08:47:21] DEBUG   step 39 | action=3 reward=-0.100 done=False trnc=False
[2026-07-13 08:47:24] DEBUG   step 40 | action=1 reward=-0.100 done=False trnc=False
[2026-07-13 08:47:27] DEBUG   step 41 | action=1 reward=-0.100 done=False trnc=False
[2026-07-13 08:47:30] DEBUG   step 42 | action=0 reward=+0.000 done=False trnc=False
[2026-07-13 08:47:33] DEBUG   step 43 | action=3 reward=-0.100 done=False trnc=False
[2026-07-13 08:47:36] DEBUG   step 44 | action=2 reward=-0.100 done=False trnc=False
[2026-07-13 08:47:39] DEBUG   step 45 | action=0 reward=+0.000 done=False trnc=False
[2026-07-13 08:47:42] DEBUG   step 46 | action=2 reward=-0.100 done=False trnc=False
[2026-07-13 08:47:45] DEBUG   step 47 | action=0 reward=+0.000 done=False trnc=False
[2026-07-13 08:47:48] DEBUG   step 48 | action=2 reward=-0.100 done=False trnc=False
[2026-07-13 08:47:51] DEBUG   step 49 | action=1 reward=-0.100 done=False trnc=False
[2026-07-13 08:47:54] DEBUG   step 50 | action=0 reward=+0.000 done=False trnc=True
[2026-07-13 08:47:54] INFO    -> reward=-3.80  avg_last_20=-3.750  steps=50  done=True
[2026-07-13 08:48:04] INFO  Episode  15/30 | failing link=0 port=1
[2026-07-13 08:48:20] DEBUG   step  1 | action=2 reward=-0.100 done=False trnc=False
[2026-07-13 08:48:23] DEBUG   step  2 | action=1 reward=-0.100 done=False trnc=False
[2026-07-13 08:48:26] DEBUG   step  3 | action=0 reward=+0.000 done=False trnc=False
[2026-07-13 08:48:29] DEBUG   step  4 | action=2 reward=-0.100 done=False trnc=False
[2026-07-13 08:48:32] DEBUG   step  5 | action=0 reward=+0.000 done=False trnc=False
[2026-07-13 08:48:35] DEBUG   step  6 | action=0 reward=+0.000 done=False trnc=False
[2026-07-13 08:48:38] DEBUG   step  7 | action=0 reward=+0.000 done=False trnc=False
[2026-07-13 08:48:41] DEBUG   step  8 | action=3 reward=-0.100 done=False trnc=False
[2026-07-13 08:48:44] DEBUG   step  9 | action=3 reward=-0.100 done=False trnc=False
[2026-07-13 08:48:47] DEBUG   step 10 | action=1 reward=-0.100 done=False trnc=False
[2026-07-13 08:48:50] DEBUG   step 11 | action=2 reward=-0.100 done=False trnc=False
[2026-07-13 08:48:53] DEBUG   step 12 | action=2 reward=-0.100 done=False trnc=False
[2026-07-13 08:48:56] DEBUG   step 13 | action=3 reward=-0.100 done=False trnc=False
[2026-07-13 08:48:59] DEBUG   step 14 | action=2 reward=-0.100 done=False trnc=False
[2026-07-13 08:49:02] DEBUG   step 15 | action=0 reward=+0.000 done=False trnc=False
[2026-07-13 08:49:05] DEBUG   step 16 | action=2 reward=-0.100 done=False trnc=False
[2026-07-13 08:49:08] DEBUG   step 17 | action=2 reward=-0.100 done=False trnc=False
[2026-07-13 08:49:11] DEBUG   step 18 | action=3 reward=-0.100 done=False trnc=False
[2026-07-13 08:49:14] DEBUG   step 19 | action=3 reward=-0.100 done=False trnc=False
[2026-07-13 08:49:17] DEBUG   step 20 | action=2 reward=-0.100 done=False trnc=False
[2026-07-13 08:49:20] DEBUG   step 21 | action=0 reward=+0.000 done=False trnc=False
[2026-07-13 08:49:23] DEBUG   step 22 | action=3 reward=-0.100 done=False trnc=False
[2026-07-13 08:49:26] DEBUG   step 23 | action=2 reward=-0.100 done=False trnc=False
[2026-07-13 08:49:29] DEBUG   step 24 | action=0 reward=+0.000 done=False trnc=False
[2026-07-13 08:49:32] DEBUG   step 25 | action=3 reward=-0.100 done=False trnc=False
[2026-07-13 08:49:35] DEBUG   step 26 | action=1 reward=-0.100 done=False trnc=False
[2026-07-13 08:49:38] DEBUG   step 27 | action=2 reward=-0.100 done=False trnc=False
[2026-07-13 08:49:41] DEBUG   step 28 | action=2 reward=-0.100 done=False trnc=False
[2026-07-13 08:49:44] DEBUG   step 29 | action=2 reward=-0.100 done=False trnc=False
[2026-07-13 08:49:47] DEBUG   step 30 | action=2 reward=-0.100 done=False trnc=False
[2026-07-13 08:49:50] DEBUG   step 31 | action=1 reward=-0.100 done=False trnc=False
[2026-07-13 08:49:53] DEBUG   step 32 | action=1 reward=-0.100 done=False trnc=False
[2026-07-13 08:49:56] DEBUG   step 33 | action=0 reward=+0.000 done=False trnc=False
[2026-07-13 08:49:59] DEBUG   step 34 | action=2 reward=-0.100 done=False trnc=False
[2026-07-13 08:50:02] DEBUG   step 35 | action=1 reward=-0.100 done=False trnc=False
[2026-07-13 08:50:05] DEBUG   step 36 | action=1 reward=-0.100 done=False trnc=False
[2026-07-13 08:50:08] DEBUG   step 37 | action=0 reward=+0.000 done=False trnc=False
[2026-07-13 08:50:11] DEBUG   step 38 | action=1 reward=-0.100 done=False trnc=False
[2026-07-13 08:50:14] DEBUG   step 39 | action=0 reward=+0.000 done=False trnc=False
[2026-07-13 08:50:17] DEBUG   step 40 | action=3 reward=-0.100 done=False trnc=False
[2026-07-13 08:50:20] DEBUG   step 41 | action=0 reward=+0.000 done=False trnc=False
[2026-07-13 08:50:23] DEBUG   step 42 | action=3 reward=-0.100 done=False trnc=False
[2026-07-13 08:50:26] DEBUG   step 43 | action=0 reward=+0.000 done=False trnc=False
[2026-07-13 08:50:29] DEBUG   step 44 | action=3 reward=-0.100 done=False trnc=False
[2026-07-13 08:50:32] DEBUG   step 45 | action=1 reward=-0.100 done=False trnc=False
[2026-07-13 08:50:35] DEBUG   step 46 | action=1 reward=-0.100 done=False trnc=False
[2026-07-13 08:50:38] DEBUG   step 47 | action=2 reward=-0.100 done=False trnc=False
[2026-07-13 08:50:41] DEBUG   step 48 | action=1 reward=-0.100 done=False trnc=False
[2026-07-13 08:50:44] DEBUG   step 49 | action=0 reward=+0.000 done=False trnc=False
[2026-07-13 08:50:47] DEBUG   step 50 | action=2 reward=-0.100 done=False trnc=True
[2026-07-13 08:50:47] INFO    -> reward=-3.70  avg_last_20=-3.747  steps=50  done=True
[2026-07-13 08:50:57] INFO  Episode  16/30 | failing link=2 port=3
[2026-07-13 08:51:12] DEBUG   step  1 | action=1 reward=-0.100 done=False trnc=False
[2026-07-13 08:51:15] DEBUG   step  2 | action=0 reward=+0.000 done=False trnc=False
[2026-07-13 08:51:18] DEBUG   step  3 | action=2 reward=-0.100 done=False trnc=False
[2026-07-13 08:51:21] DEBUG   step  4 | action=1 reward=-0.100 done=False trnc=False
[2026-07-13 08:51:24] DEBUG   step  5 | action=1 reward=-0.100 done=False trnc=False
[2026-07-13 08:51:27] DEBUG   step  6 | action=2 reward=-0.100 done=False trnc=False
[2026-07-13 08:51:30] DEBUG   step  7 | action=0 reward=+0.000 done=False trnc=False
[2026-07-13 08:51:33] DEBUG   step  8 | action=0 reward=+0.000 done=False trnc=False
[2026-07-13 08:51:36] DEBUG   step  9 | action=3 reward=-0.100 done=False trnc=False
[2026-07-13 08:51:39] DEBUG   step 10 | action=3 reward=-0.100 done=False trnc=False
[2026-07-13 08:51:42] DEBUG   step 11 | action=1 reward=-0.100 done=False trnc=False
[2026-07-13 08:51:45] DEBUG   step 12 | action=2 reward=-0.100 done=False trnc=False
[2026-07-13 08:51:49] DEBUG   step 13 | action=3 reward=-0.100 done=False trnc=False
[2026-07-13 08:51:52] DEBUG   step 14 | action=0 reward=+0.000 done=False trnc=False
[2026-07-13 08:51:55] DEBUG   step 15 | action=2 reward=-0.100 done=False trnc=False
[2026-07-13 08:51:58] DEBUG   step 16 | action=0 reward=+0.000 done=False trnc=False
[2026-07-13 08:52:01] DEBUG   step 17 | action=2 reward=-0.100 done=False trnc=False
[2026-07-13 08:52:04] DEBUG   step 18 | action=2 reward=-0.100 done=False trnc=False
[2026-07-13 08:52:07] DEBUG   step 19 | action=0 reward=+0.000 done=False trnc=False
[2026-07-13 08:52:10] DEBUG   step 20 | action=3 reward=-0.100 done=False trnc=False
[2026-07-13 08:52:13] DEBUG   step 21 | action=3 reward=-0.100 done=False trnc=False
[2026-07-13 08:52:16] DEBUG   step 22 | action=3 reward=-0.100 done=False trnc=False
[2026-07-13 08:52:19] DEBUG   step 23 | action=1 reward=-0.100 done=False trnc=False
[2026-07-13 08:52:22] DEBUG   step 24 | action=3 reward=-0.100 done=False trnc=False
[2026-07-13 08:52:25] DEBUG   step 25 | action=1 reward=-0.100 done=False trnc=False
[2026-07-13 08:52:28] DEBUG   step 26 | action=0 reward=+0.000 done=False trnc=False
[2026-07-13 08:52:31] DEBUG   step 27 | action=0 reward=+0.000 done=False trnc=False
[2026-07-13 08:52:34] DEBUG   step 28 | action=1 reward=-0.100 done=False trnc=False
[2026-07-13 08:52:37] DEBUG   step 29 | action=1 reward=-0.100 done=False trnc=False
[2026-07-13 08:52:40] DEBUG   step 30 | action=2 reward=-0.100 done=False trnc=False
[2026-07-13 08:52:43] DEBUG   step 31 | action=1 reward=-0.100 done=False trnc=False
[2026-07-13 08:52:46] DEBUG   step 32 | action=3 reward=-0.100 done=False trnc=False
[2026-07-13 08:52:49] DEBUG   step 33 | action=1 reward=-0.100 done=False trnc=False
[2026-07-13 08:52:52] DEBUG   step 34 | action=0 reward=+0.000 done=False trnc=False
[2026-07-13 08:52:55] DEBUG   step 35 | action=2 reward=-0.100 done=False trnc=False
[2026-07-13 08:52:58] DEBUG   step 36 | action=0 reward=+0.000 done=False trnc=False
[2026-07-13 08:53:01] DEBUG   step 37 | action=3 reward=-0.100 done=False trnc=False
[2026-07-13 08:53:04] DEBUG   step 38 | action=2 reward=-0.100 done=False trnc=False
[2026-07-13 08:53:07] DEBUG   step 39 | action=3 reward=-0.100 done=False trnc=False
[2026-07-13 08:53:10] DEBUG   step 40 | action=2 reward=-0.100 done=False trnc=False
[2026-07-13 08:53:13] DEBUG   step 41 | action=3 reward=-0.100 done=False trnc=False
[2026-07-13 08:53:16] DEBUG   step 42 | action=3 reward=-0.100 done=False trnc=False
[2026-07-13 08:53:19] DEBUG   step 43 | action=3 reward=-0.100 done=False trnc=False
[2026-07-13 08:53:22] DEBUG   step 44 | action=0 reward=+0.000 done=False trnc=False
[2026-07-13 08:53:25] DEBUG   step 45 | action=0 reward=+0.000 done=False trnc=False
[2026-07-13 08:53:28] DEBUG   step 46 | action=0 reward=+0.000 done=False trnc=False
[2026-07-13 08:53:31] DEBUG   step 47 | action=0 reward=+0.000 done=False trnc=False
[2026-07-13 08:53:34] DEBUG   step 48 | action=3 reward=-0.100 done=False trnc=False
[2026-07-13 08:53:37] DEBUG   step 49 | action=1 reward=-0.100 done=False trnc=False
[2026-07-13 08:53:40] DEBUG   step 50 | action=1 reward=-0.100 done=False trnc=True
[2026-07-13 08:53:40] INFO    -> reward=-3.60  avg_last_20=-3.738  steps=50  done=True
[2026-07-13 08:53:50] INFO  Episode  17/30 | failing link=1 port=2
[2026-07-13 08:54:05] DEBUG   step  1 | action=3 reward=-0.100 done=False trnc=False
[2026-07-13 08:54:08] DEBUG   step  2 | action=0 reward=+0.000 done=False trnc=False
[2026-07-13 08:54:11] DEBUG   step  3 | action=1 reward=-0.100 done=False trnc=False
[2026-07-13 08:54:14] DEBUG   step  4 | action=3 reward=-0.100 done=False trnc=False
[2026-07-13 08:54:17] DEBUG   step  5 | action=1 reward=-0.100 done=False trnc=False
[2026-07-13 08:54:20] DEBUG   step  6 | action=0 reward=+0.000 done=False trnc=False
[2026-07-13 08:54:23] DEBUG   step  7 | action=1 reward=-0.100 done=False trnc=False
[2026-07-13 08:54:26] DEBUG   step  8 | action=1 reward=-0.100 done=False trnc=False
[2026-07-13 08:54:29] DEBUG   step  9 | action=2 reward=-0.100 done=False trnc=False
[2026-07-13 08:54:32] DEBUG   step 10 | action=3 reward=-0.100 done=False trnc=False
[2026-07-13 08:54:35] DEBUG   step 11 | action=1 reward=-0.100 done=False trnc=False
[2026-07-13 08:54:38] DEBUG   step 12 | action=2 reward=-0.100 done=False trnc=False
[2026-07-13 08:54:41] DEBUG   step 13 | action=3 reward=-0.100 done=False trnc=False
[2026-07-13 08:54:44] DEBUG   step 14 | action=1 reward=-0.100 done=False trnc=False
[2026-07-13 08:54:47] DEBUG   step 15 | action=0 reward=+0.000 done=False trnc=False
[2026-07-13 08:54:50] DEBUG   step 16 | action=0 reward=+0.000 done=False trnc=False
[2026-07-13 08:54:54] DEBUG   step 17 | action=1 reward=-0.100 done=False trnc=False
[2026-07-13 08:54:57] DEBUG   step 18 | action=0 reward=+0.000 done=False trnc=False
[2026-07-13 08:55:00] DEBUG   step 19 | action=2 reward=-0.100 done=False trnc=False
[2026-07-13 08:55:03] DEBUG   step 20 | action=3 reward=-0.100 done=False trnc=False
[2026-07-13 08:55:06] DEBUG   step 21 | action=3 reward=-0.100 done=False trnc=False
[2026-07-13 08:55:09] DEBUG   step 22 | action=0 reward=+0.000 done=False trnc=False
[2026-07-13 08:55:12] DEBUG   step 23 | action=2 reward=-0.100 done=False trnc=False
[2026-07-13 08:55:15] DEBUG   step 24 | action=0 reward=+0.000 done=False trnc=False
[2026-07-13 08:55:18] DEBUG   step 25 | action=1 reward=-0.100 done=False trnc=False
[2026-07-13 08:55:21] DEBUG   step 26 | action=3 reward=-0.100 done=False trnc=False
[2026-07-13 08:55:24] DEBUG   step 27 | action=1 reward=-0.100 done=False trnc=False
[2026-07-13 08:55:27] DEBUG   step 28 | action=2 reward=-0.100 done=False trnc=False
[2026-07-13 08:55:30] DEBUG   step 29 | action=2 reward=-0.100 done=False trnc=False
[2026-07-13 08:55:33] DEBUG   step 30 | action=1 reward=-0.100 done=False trnc=False
[2026-07-13 08:55:36] DEBUG   step 31 | action=2 reward=-0.100 done=False trnc=False
[2026-07-13 08:55:39] DEBUG   step 32 | action=3 reward=-0.100 done=False trnc=False
[2026-07-13 08:55:42] DEBUG   step 33 | action=1 reward=-0.100 done=False trnc=False
[2026-07-13 08:55:45] DEBUG   step 34 | action=3 reward=-0.100 done=False trnc=False
[2026-07-13 08:55:48] DEBUG   step 35 | action=3 reward=-0.100 done=False trnc=False
[2026-07-13 08:55:51] DEBUG   step 36 | action=0 reward=+0.000 done=False trnc=False
[2026-07-13 08:55:54] DEBUG   step 37 | action=2 reward=-0.100 done=False trnc=False
[2026-07-13 08:55:57] DEBUG   step 38 | action=0 reward=+0.000 done=False trnc=False
[2026-07-13 08:56:00] DEBUG   step 39 | action=0 reward=+0.000 done=False trnc=False
[2026-07-13 08:56:03] DEBUG   step 40 | action=0 reward=+0.000 done=False trnc=False
[2026-07-13 08:56:06] DEBUG   step 41 | action=3 reward=-0.100 done=False trnc=False
[2026-07-13 08:56:09] DEBUG   step 42 | action=2 reward=-0.100 done=False trnc=False
[2026-07-13 08:56:12] DEBUG   step 43 | action=2 reward=-0.100 done=False trnc=False
[2026-07-13 08:56:15] DEBUG   step 44 | action=2 reward=-0.100 done=False trnc=False
[2026-07-13 08:56:18] DEBUG   step 45 | action=1 reward=-0.100 done=False trnc=False
[2026-07-13 08:56:21] DEBUG   step 46 | action=2 reward=-0.100 done=False trnc=False
[2026-07-13 08:56:24] DEBUG   step 47 | action=3 reward=-0.100 done=False trnc=False
[2026-07-13 08:56:27] DEBUG   step 48 | action=1 reward=-0.100 done=False trnc=False
[2026-07-13 08:56:30] DEBUG   step 49 | action=2 reward=-0.100 done=False trnc=False
[2026-07-13 08:56:33] DEBUG   step 50 | action=0 reward=+0.000 done=False trnc=True
[2026-07-13 08:56:33] INFO    -> reward=-3.80  avg_last_20=-3.741  steps=50  done=True
[2026-07-13 08:56:43] INFO  Episode  18/30 | failing link=2 port=3
[2026-07-13 08:56:58] DEBUG   step  1 | action=1 reward=-0.100 done=False trnc=False
[2026-07-13 08:57:02] DEBUG   step  2 | action=3 reward=-0.100 done=False trnc=False
[2026-07-13 08:57:05] DEBUG   step  3 | action=2 reward=-0.100 done=False trnc=False
[2026-07-13 08:57:08] DEBUG   step  4 | action=2 reward=-0.100 done=False trnc=False
[2026-07-13 08:57:11] DEBUG   step  5 | action=3 reward=-0.100 done=False trnc=False
[2026-07-13 08:57:14] DEBUG   step  6 | action=1 reward=-0.100 done=False trnc=False
[2026-07-13 08:57:17] DEBUG   step  7 | action=3 reward=-0.100 done=False trnc=False
[2026-07-13 08:57:20] DEBUG   step  8 | action=1 reward=-0.100 done=False trnc=False
[2026-07-13 08:57:23] DEBUG   step  9 | action=3 reward=-0.100 done=False trnc=False
[2026-07-13 08:57:26] DEBUG   step 10 | action=3 reward=-0.100 done=False trnc=False
[2026-07-13 08:57:29] DEBUG   step 11 | action=0 reward=+0.000 done=False trnc=False
[2026-07-13 08:57:32] DEBUG   step 12 | action=2 reward=-0.100 done=False trnc=False
[2026-07-13 08:57:35] DEBUG   step 13 | action=1 reward=-0.100 done=False trnc=False
[2026-07-13 08:57:38] DEBUG   step 14 | action=0 reward=+0.000 done=False trnc=False
[2026-07-13 08:57:41] DEBUG   step 15 | action=0 reward=+0.000 done=False trnc=False
[2026-07-13 08:57:44] DEBUG   step 16 | action=3 reward=-0.100 done=False trnc=False
[2026-07-13 08:57:47] DEBUG   step 17 | action=3 reward=-0.100 done=False trnc=False
[2026-07-13 08:57:50] DEBUG   step 18 | action=0 reward=+0.000 done=False trnc=False
[2026-07-13 08:57:53] DEBUG   step 19 | action=1 reward=-0.100 done=False trnc=False
[2026-07-13 08:57:56] DEBUG   step 20 | action=3 reward=-0.100 done=False trnc=False
[2026-07-13 08:57:59] DEBUG   step 21 | action=1 reward=-0.100 done=False trnc=False
[2026-07-13 08:58:02] DEBUG   step 22 | action=1 reward=-0.100 done=False trnc=False
[2026-07-13 08:58:05] DEBUG   step 23 | action=0 reward=+0.000 done=False trnc=False
[2026-07-13 08:58:08] DEBUG   step 24 | action=3 reward=-0.100 done=False trnc=False
[2026-07-13 08:58:11] DEBUG   step 25 | action=3 reward=-0.100 done=False trnc=False
[2026-07-13 08:58:14] DEBUG   step 26 | action=3 reward=-0.100 done=False trnc=False
[2026-07-13 08:58:17] DEBUG   step 27 | action=2 reward=-0.100 done=False trnc=False
[2026-07-13 08:58:20] DEBUG   step 28 | action=1 reward=-0.100 done=False trnc=False
[2026-07-13 08:58:23] DEBUG   step 29 | action=1 reward=-0.100 done=False trnc=False
[2026-07-13 08:58:26] DEBUG   step 30 | action=1 reward=-0.100 done=False trnc=False
[2026-07-13 08:58:29] DEBUG   step 31 | action=0 reward=+0.000 done=False trnc=False
[2026-07-13 08:58:32] DEBUG   step 32 | action=2 reward=-0.100 done=False trnc=False
[2026-07-13 08:58:35] DEBUG   step 33 | action=3 reward=-0.100 done=False trnc=False
[2026-07-13 08:58:38] DEBUG   step 34 | action=2 reward=-0.100 done=False trnc=False
[2026-07-13 08:58:41] DEBUG   step 35 | action=1 reward=-0.100 done=False trnc=False
[2026-07-13 08:58:44] DEBUG   step 36 | action=1 reward=-0.100 done=False trnc=False
[2026-07-13 08:58:47] DEBUG   step 37 | action=0 reward=+0.000 done=False trnc=False
[2026-07-13 08:58:50] DEBUG   step 38 | action=0 reward=+0.000 done=False trnc=False
[2026-07-13 08:58:53] DEBUG   step 39 | action=2 reward=-0.100 done=False trnc=False
[2026-07-13 08:58:56] DEBUG   step 40 | action=0 reward=+0.000 done=False trnc=False
[2026-07-13 08:58:59] DEBUG   step 41 | action=1 reward=-0.100 done=False trnc=False
[2026-07-13 08:59:02] DEBUG   step 42 | action=0 reward=+0.000 done=False trnc=False
[2026-07-13 08:59:05] DEBUG   step 43 | action=0 reward=+0.000 done=False trnc=False
[2026-07-13 08:59:08] DEBUG   step 44 | action=3 reward=-0.100 done=False trnc=False
[2026-07-13 08:59:11] DEBUG   step 45 | action=0 reward=+0.000 done=False trnc=False
[2026-07-13 08:59:14] DEBUG   step 46 | action=2 reward=-0.100 done=False trnc=False
[2026-07-13 08:59:17] DEBUG   step 47 | action=0 reward=+0.000 done=False trnc=False
[2026-07-13 08:59:20] DEBUG   step 48 | action=0 reward=+0.000 done=False trnc=False
[2026-07-13 08:59:23] DEBUG   step 49 | action=1 reward=-0.100 done=False trnc=False
[2026-07-13 08:59:26] DEBUG   step 50 | action=3 reward=-0.100 done=False trnc=True
[2026-07-13 08:59:26] INFO    -> reward=-3.60  avg_last_20=-3.733  steps=50  done=True
[2026-07-13 08:59:36] INFO  Episode  19/30 | failing link=0 port=1
[2026-07-13 08:59:51] DEBUG   step  1 | action=1 reward=-0.100 done=False trnc=False
[2026-07-13 08:59:54] DEBUG   step  2 | action=0 reward=+0.000 done=False trnc=False
[2026-07-13 08:59:57] DEBUG   step  3 | action=1 reward=-0.100 done=False trnc=False
[2026-07-13 09:00:00] DEBUG   step  4 | action=2 reward=-0.100 done=False trnc=False
[2026-07-13 09:00:03] DEBUG   step  5 | action=1 reward=-0.100 done=False trnc=False
[2026-07-13 09:00:06] DEBUG   step  6 | action=3 reward=-0.100 done=False trnc=False
[2026-07-13 09:00:10] DEBUG   step  7 | action=1 reward=-0.100 done=False trnc=False
[2026-07-13 09:00:13] DEBUG   step  8 | action=3 reward=-0.100 done=False trnc=False
[2026-07-13 09:00:16] DEBUG   step  9 | action=2 reward=-0.100 done=False trnc=False
[2026-07-13 09:00:19] DEBUG   step 10 | action=1 reward=-0.100 done=False trnc=False
[2026-07-13 09:00:22] DEBUG   step 11 | action=0 reward=+0.000 done=False trnc=False
[2026-07-13 09:00:25] DEBUG   step 12 | action=2 reward=-0.100 done=False trnc=False
[2026-07-13 09:00:28] DEBUG   step 13 | action=3 reward=-0.100 done=False trnc=False
[2026-07-13 09:00:31] DEBUG   step 14 | action=2 reward=-0.100 done=False trnc=False
[2026-07-13 09:00:34] DEBUG   step 15 | action=3 reward=-0.100 done=False trnc=False
[2026-07-13 09:00:37] DEBUG   step 16 | action=3 reward=-0.100 done=False trnc=False
[2026-07-13 09:00:40] DEBUG   step 17 | action=1 reward=-0.100 done=False trnc=False
[2026-07-13 09:00:43] DEBUG   step 18 | action=1 reward=-0.100 done=False trnc=False
[2026-07-13 09:00:46] DEBUG   step 19 | action=2 reward=-0.100 done=False trnc=False
[2026-07-13 09:00:49] DEBUG   step 20 | action=2 reward=-0.100 done=False trnc=False
[2026-07-13 09:00:52] DEBUG   step 21 | action=2 reward=-0.100 done=False trnc=False
[2026-07-13 09:00:55] DEBUG   step 22 | action=1 reward=-0.100 done=False trnc=False
[2026-07-13 09:00:58] DEBUG   step 23 | action=3 reward=-0.100 done=False trnc=False
[2026-07-13 09:01:01] DEBUG   step 24 | action=0 reward=+0.000 done=False trnc=False
[2026-07-13 09:01:04] DEBUG   step 25 | action=3 reward=-0.100 done=False trnc=False
[2026-07-13 09:01:07] DEBUG   step 26 | action=0 reward=+0.000 done=False trnc=False
[2026-07-13 09:01:10] DEBUG   step 27 | action=3 reward=-0.100 done=False trnc=False
[2026-07-13 09:01:13] DEBUG   step 28 | action=0 reward=+0.000 done=False trnc=False
[2026-07-13 09:01:16] DEBUG   step 29 | action=0 reward=+0.000 done=False trnc=False
[2026-07-13 09:01:19] DEBUG   step 30 | action=1 reward=-0.100 done=False trnc=False
[2026-07-13 09:01:22] DEBUG   step 31 | action=3 reward=-0.100 done=False trnc=False
[2026-07-13 09:01:25] DEBUG   step 32 | action=3 reward=-0.100 done=False trnc=False
[2026-07-13 09:01:28] DEBUG   step 33 | action=2 reward=-0.100 done=False trnc=False
[2026-07-13 09:01:31] DEBUG   step 34 | action=0 reward=+0.000 done=False trnc=False
[2026-07-13 09:01:34] DEBUG   step 35 | action=0 reward=+0.000 done=False trnc=False
[2026-07-13 09:01:37] DEBUG   step 36 | action=2 reward=-0.100 done=False trnc=False
[2026-07-13 09:01:40] DEBUG   step 37 | action=0 reward=+0.000 done=False trnc=False
[2026-07-13 09:01:43] DEBUG   step 38 | action=1 reward=-0.100 done=False trnc=False
[2026-07-13 09:01:46] DEBUG   step 39 | action=3 reward=-0.100 done=False trnc=False
[2026-07-13 09:01:49] DEBUG   step 40 | action=2 reward=-0.100 done=False trnc=False
[2026-07-13 09:01:52] DEBUG   step 41 | action=2 reward=-0.100 done=False trnc=False
[2026-07-13 09:01:55] DEBUG   step 42 | action=3 reward=-0.100 done=False trnc=False
[2026-07-13 09:01:58] DEBUG   step 43 | action=3 reward=-0.100 done=False trnc=False
[2026-07-13 09:02:01] DEBUG   step 44 | action=3 reward=-0.100 done=False trnc=False
[2026-07-13 09:02:04] DEBUG   step 45 | action=2 reward=-0.100 done=False trnc=False
[2026-07-13 09:02:07] DEBUG   step 46 | action=3 reward=-0.100 done=False trnc=False
[2026-07-13 09:02:10] DEBUG   step 47 | action=1 reward=-0.100 done=False trnc=False
[2026-07-13 09:02:13] DEBUG   step 48 | action=3 reward=-0.100 done=False trnc=False
[2026-07-13 09:02:16] DEBUG   step 49 | action=0 reward=+0.000 done=False trnc=False
[2026-07-13 09:02:19] DEBUG   step 50 | action=1 reward=-0.100 done=False trnc=True
[2026-07-13 09:02:19] INFO    -> reward=-4.00  avg_last_20=-3.747  steps=50  done=True
[2026-07-13 09:02:29] INFO  Episode  20/30 | failing link=2 port=3
[2026-07-13 09:02:45] DEBUG   step  1 | action=3 reward=-0.100 done=False trnc=False
[2026-07-13 09:02:48] DEBUG   step  2 | action=1 reward=-0.100 done=False trnc=False
[2026-07-13 09:02:51] DEBUG   step  3 | action=3 reward=-0.100 done=False trnc=False
[2026-07-13 09:02:54] DEBUG   step  4 | action=0 reward=+0.000 done=False trnc=False
[2026-07-13 09:02:57] DEBUG   step  5 | action=1 reward=-0.100 done=False trnc=False
[2026-07-13 09:03:00] DEBUG   step  6 | action=1 reward=-0.100 done=False trnc=False
[2026-07-13 09:03:03] DEBUG   step  7 | action=0 reward=+0.000 done=False trnc=False
[2026-07-13 09:03:06] DEBUG   step  8 | action=2 reward=-0.100 done=False trnc=False
[2026-07-13 09:03:09] DEBUG   step  9 | action=3 reward=-0.100 done=False trnc=False
[2026-07-13 09:03:12] DEBUG   step 10 | action=3 reward=-0.100 done=False trnc=False
[2026-07-13 09:03:15] DEBUG   step 11 | action=1 reward=-0.100 done=False trnc=False
[2026-07-13 09:03:18] DEBUG   step 12 | action=3 reward=-0.100 done=False trnc=False
[2026-07-13 09:03:21] DEBUG   step 13 | action=2 reward=-0.100 done=False trnc=False
[2026-07-13 09:03:24] DEBUG   step 14 | action=3 reward=-0.100 done=False trnc=False
[2026-07-13 09:03:27] DEBUG   step 15 | action=1 reward=-0.100 done=False trnc=False
[2026-07-13 09:03:30] DEBUG   step 16 | action=3 reward=-0.100 done=False trnc=False
[2026-07-13 09:03:33] DEBUG   step 17 | action=1 reward=-0.100 done=False trnc=False
[2026-07-13 09:03:36] DEBUG   step 18 | action=0 reward=+0.000 done=False trnc=False
[2026-07-13 09:03:39] DEBUG   step 19 | action=2 reward=-0.100 done=False trnc=False
[2026-07-13 09:03:42] DEBUG   step 20 | action=1 reward=-0.100 done=False trnc=False
[2026-07-13 09:03:45] DEBUG   step 21 | action=2 reward=-0.100 done=False trnc=False
[2026-07-13 09:03:48] DEBUG   step 22 | action=1 reward=-0.100 done=False trnc=False
[2026-07-13 09:03:51] DEBUG   step 23 | action=2 reward=-0.100 done=False trnc=False
[2026-07-13 09:03:54] DEBUG   step 24 | action=2 reward=-0.100 done=False trnc=False
[2026-07-13 09:03:57] DEBUG   step 25 | action=1 reward=-0.100 done=False trnc=False
[2026-07-13 09:04:00] DEBUG   step 26 | action=2 reward=-0.100 done=False trnc=False
[2026-07-13 09:04:03] DEBUG   step 27 | action=3 reward=-0.100 done=False trnc=False
[2026-07-13 09:04:06] DEBUG   step 28 | action=2 reward=-0.100 done=False trnc=False
[2026-07-13 09:04:09] DEBUG   step 29 | action=3 reward=-0.100 done=False trnc=False
[2026-07-13 09:04:12] DEBUG   step 30 | action=2 reward=-0.100 done=False trnc=False
[2026-07-13 09:04:15] DEBUG   step 31 | action=3 reward=-0.100 done=False trnc=False
[2026-07-13 09:04:18] DEBUG   step 32 | action=0 reward=+0.000 done=False trnc=False
[2026-07-13 09:04:21] DEBUG   step 33 | action=1 reward=-0.100 done=False trnc=False
[2026-07-13 09:04:24] DEBUG   step 34 | action=2 reward=-0.100 done=False trnc=False
[2026-07-13 09:04:27] DEBUG   step 35 | action=2 reward=-0.100 done=False trnc=False
[2026-07-13 09:04:30] DEBUG   step 36 | action=2 reward=-0.100 done=False trnc=False
[2026-07-13 09:04:33] DEBUG   step 37 | action=2 reward=-0.100 done=False trnc=False
[2026-07-13 09:04:36] DEBUG   step 38 | action=1 reward=-0.100 done=False trnc=False
[2026-07-13 09:04:39] DEBUG   step 39 | action=1 reward=-0.100 done=False trnc=False
[2026-07-13 09:04:42] DEBUG   step 40 | action=3 reward=-0.100 done=False trnc=False
[2026-07-13 09:04:45] DEBUG   step 41 | action=0 reward=+0.000 done=False trnc=False
[2026-07-13 09:04:48] DEBUG   step 42 | action=3 reward=-0.100 done=False trnc=False
[2026-07-13 09:04:51] DEBUG   step 43 | action=0 reward=+0.000 done=False trnc=False
[2026-07-13 09:04:54] DEBUG   step 44 | action=0 reward=+0.000 done=False trnc=False
[2026-07-13 09:04:57] DEBUG   step 45 | action=3 reward=-0.100 done=False trnc=False
[2026-07-13 09:05:00] DEBUG   step 46 | action=3 reward=-0.100 done=False trnc=False
[2026-07-13 09:05:03] DEBUG   step 47 | action=1 reward=-0.100 done=False trnc=False
[2026-07-13 09:05:06] DEBUG   step 48 | action=2 reward=-0.100 done=False trnc=False
[2026-07-13 09:05:09] DEBUG   step 49 | action=3 reward=-0.100 done=False trnc=False
[2026-07-13 09:05:12] DEBUG   step 50 | action=0 reward=+0.000 done=False trnc=True
[2026-07-13 09:05:12] INFO    -> reward=-4.20  avg_last_20=-3.770  steps=50  done=True
[2026-07-13 09:05:22] INFO  Checkpoint: saving to self_healing_checkpoint_20.zip
[2026-07-13 09:05:22] INFO  Episode  21/30 | failing link=2 port=3
[2026-07-13 09:05:38] DEBUG   step  1 | action=1 reward=-0.100 done=False trnc=False
[2026-07-13 09:05:41] DEBUG   step  2 | action=3 reward=-0.100 done=False trnc=False
[2026-07-13 09:05:44] DEBUG   step  3 | action=1 reward=-0.100 done=False trnc=False
[2026-07-13 09:05:47] DEBUG   step  4 | action=2 reward=-0.100 done=False trnc=False
[2026-07-13 09:05:50] DEBUG   step  5 | action=2 reward=-0.100 done=False trnc=False
[2026-07-13 09:05:53] DEBUG   step  6 | action=0 reward=+0.000 done=False trnc=False
[2026-07-13 09:05:56] DEBUG   step  7 | action=1 reward=-0.100 done=False trnc=False
[2026-07-13 09:05:59] DEBUG   step  8 | action=0 reward=+0.000 done=False trnc=False
[2026-07-13 09:06:02] DEBUG   step  9 | action=1 reward=-0.100 done=False trnc=False
[2026-07-13 09:06:05] DEBUG   step 10 | action=2 reward=-0.100 done=False trnc=False
[2026-07-13 09:06:08] DEBUG   step 11 | action=2 reward=-0.100 done=False trnc=False
[2026-07-13 09:06:11] DEBUG   step 12 | action=1 reward=-0.100 done=False trnc=False
[2026-07-13 09:06:14] DEBUG   step 13 | action=3 reward=-0.100 done=False trnc=False
[2026-07-13 09:06:17] DEBUG   step 14 | action=1 reward=-0.100 done=False trnc=False
[2026-07-13 09:06:20] DEBUG   step 15 | action=0 reward=+0.000 done=False trnc=False
[2026-07-13 09:06:23] DEBUG   step 16 | action=0 reward=+0.000 done=False trnc=False
[2026-07-13 09:06:26] DEBUG   step 17 | action=3 reward=-0.100 done=False trnc=False
[2026-07-13 09:06:29] DEBUG   step 18 | action=3 reward=-0.100 done=False trnc=False
[2026-07-13 09:06:32] DEBUG   step 19 | action=0 reward=+0.000 done=False trnc=False
[2026-07-13 09:06:35] DEBUG   step 20 | action=2 reward=-0.100 done=False trnc=False
[2026-07-13 09:06:38] DEBUG   step 21 | action=2 reward=-0.100 done=False trnc=False
[2026-07-13 09:06:41] DEBUG   step 22 | action=0 reward=+0.000 done=False trnc=False
[2026-07-13 09:06:44] DEBUG   step 23 | action=0 reward=+0.000 done=False trnc=False
[2026-07-13 09:06:47] DEBUG   step 24 | action=1 reward=-0.100 done=False trnc=False
[2026-07-13 09:06:50] DEBUG   step 25 | action=1 reward=-0.100 done=False trnc=False
[2026-07-13 09:06:53] DEBUG   step 26 | action=0 reward=+0.000 done=False trnc=False
[2026-07-13 09:06:56] DEBUG   step 27 | action=3 reward=-0.100 done=False trnc=False
[2026-07-13 09:06:59] DEBUG   step 28 | action=0 reward=+0.000 done=False trnc=False
[2026-07-13 09:07:02] DEBUG   step 29 | action=1 reward=-0.100 done=False trnc=False
[2026-07-13 09:07:05] DEBUG   step 30 | action=2 reward=-0.100 done=False trnc=False
[2026-07-13 09:07:08] DEBUG   step 31 | action=1 reward=-0.100 done=False trnc=False
[2026-07-13 09:07:11] DEBUG   step 32 | action=2 reward=-0.100 done=False trnc=False
[2026-07-13 09:07:14] DEBUG   step 33 | action=3 reward=-0.100 done=False trnc=False
[2026-07-13 09:07:17] DEBUG   step 34 | action=0 reward=+0.000 done=False trnc=False
[2026-07-13 09:07:20] DEBUG   step 35 | action=2 reward=-0.100 done=False trnc=False
[2026-07-13 09:07:23] DEBUG   step 36 | action=0 reward=+0.000 done=False trnc=False
[2026-07-13 09:07:26] DEBUG   step 37 | action=3 reward=-0.100 done=False trnc=False
[2026-07-13 09:07:29] DEBUG   step 38 | action=1 reward=-0.100 done=False trnc=False
[2026-07-13 09:07:32] DEBUG   step 39 | action=1 reward=-0.100 done=False trnc=False
[2026-07-13 09:07:35] DEBUG   step 40 | action=2 reward=-0.100 done=False trnc=False
[2026-07-13 09:07:38] DEBUG   step 41 | action=3 reward=-0.100 done=False trnc=False
[2026-07-13 09:07:41] DEBUG   step 42 | action=0 reward=+0.000 done=False trnc=False
[2026-07-13 09:07:44] DEBUG   step 43 | action=1 reward=-0.100 done=False trnc=False
[2026-07-13 09:07:47] DEBUG   step 44 | action=1 reward=-0.100 done=False trnc=False
[2026-07-13 09:07:50] DEBUG   step 45 | action=0 reward=+0.000 done=False trnc=False
[2026-07-13 09:07:53] DEBUG   step 46 | action=0 reward=+0.000 done=False trnc=False
[2026-07-13 09:07:56] DEBUG   step 47 | action=1 reward=-0.100 done=False trnc=False
[2026-07-13 09:07:59] DEBUG   step 48 | action=1 reward=-0.100 done=False trnc=False
[2026-07-13 09:08:02] DEBUG   step 49 | action=2 reward=-0.100 done=False trnc=False
[2026-07-13 09:08:05] DEBUG   step 50 | action=0 reward=+0.000 done=False trnc=True
[2026-07-13 09:08:05] INFO    -> reward=-3.50  avg_last_20=-3.770  steps=50  done=True
[2026-07-13 09:08:15] INFO  Episode  22/30 | failing link=1 port=2
[2026-07-13 09:08:31] DEBUG   step  1 | action=1 reward=-0.100 done=False trnc=False
[2026-07-13 09:08:34] DEBUG   step  2 | action=3 reward=-0.100 done=False trnc=False
[2026-07-13 09:08:37] DEBUG   step  3 | action=2 reward=-0.100 done=False trnc=False
[2026-07-13 09:08:40] DEBUG   step  4 | action=2 reward=-0.100 done=False trnc=False
[2026-07-13 09:08:43] DEBUG   step  5 | action=0 reward=+0.000 done=False trnc=False
[2026-07-13 09:08:46] DEBUG   step  6 | action=1 reward=-0.100 done=False trnc=False
[2026-07-13 09:08:49] DEBUG   step  7 | action=0 reward=+0.000 done=False trnc=False
[2026-07-13 09:08:52] DEBUG   step  8 | action=1 reward=-0.100 done=False trnc=False
[2026-07-13 09:08:55] DEBUG   step  9 | action=2 reward=-0.100 done=False trnc=False
[2026-07-13 09:08:58] DEBUG   step 10 | action=0 reward=+0.000 done=False trnc=False
[2026-07-13 09:09:01] DEBUG   step 11 | action=0 reward=+0.000 done=False trnc=False
[2026-07-13 09:09:04] DEBUG   step 12 | action=2 reward=-0.100 done=False trnc=False
[2026-07-13 09:09:07] DEBUG   step 13 | action=2 reward=-0.100 done=False trnc=False
[2026-07-13 09:09:10] DEBUG   step 14 | action=0 reward=+0.000 done=False trnc=False
[2026-07-13 09:09:13] DEBUG   step 15 | action=0 reward=+0.000 done=False trnc=False
[2026-07-13 09:09:16] DEBUG   step 16 | action=1 reward=-0.100 done=False trnc=False
[2026-07-13 09:09:19] DEBUG   step 17 | action=2 reward=-0.100 done=False trnc=False
[2026-07-13 09:09:22] DEBUG   step 18 | action=2 reward=-0.100 done=False trnc=False
[2026-07-13 09:09:25] DEBUG   step 19 | action=0 reward=+0.000 done=False trnc=False
[2026-07-13 09:09:28] DEBUG   step 20 | action=1 reward=-0.100 done=False trnc=False
[2026-07-13 09:09:31] DEBUG   step 21 | action=0 reward=+0.000 done=False trnc=False
[2026-07-13 09:09:34] DEBUG   step 22 | action=3 reward=-0.100 done=False trnc=False
[2026-07-13 09:09:37] DEBUG   step 23 | action=3 reward=-0.100 done=False trnc=False
[2026-07-13 09:09:40] DEBUG   step 24 | action=3 reward=-0.100 done=False trnc=False
[2026-07-13 09:09:43] DEBUG   step 25 | action=3 reward=-0.100 done=False trnc=False
[2026-07-13 09:09:46] DEBUG   step 26 | action=3 reward=-0.100 done=False trnc=False
[2026-07-13 09:09:49] DEBUG   step 27 | action=3 reward=-0.100 done=False trnc=False
[2026-07-13 09:09:52] DEBUG   step 28 | action=0 reward=+0.000 done=False trnc=False
[2026-07-13 09:09:55] DEBUG   step 29 | action=2 reward=-0.100 done=False trnc=False
[2026-07-13 09:09:58] DEBUG   step 30 | action=3 reward=-0.100 done=False trnc=False
[2026-07-13 09:10:01] DEBUG   step 31 | action=3 reward=-0.100 done=False trnc=False
[2026-07-13 09:10:04] DEBUG   step 32 | action=1 reward=-0.100 done=False trnc=False
[2026-07-13 09:10:07] DEBUG   step 33 | action=1 reward=-0.100 done=False trnc=False
[2026-07-13 09:10:10] DEBUG   step 34 | action=3 reward=-0.100 done=False trnc=False
[2026-07-13 09:10:13] DEBUG   step 35 | action=1 reward=-0.100 done=False trnc=False
[2026-07-13 09:10:16] DEBUG   step 36 | action=0 reward=+0.000 done=False trnc=False
[2026-07-13 09:10:19] DEBUG   step 37 | action=2 reward=-0.100 done=False trnc=False
[2026-07-13 09:10:22] DEBUG   step 38 | action=2 reward=-0.100 done=False trnc=False
[2026-07-13 09:10:25] DEBUG   step 39 | action=1 reward=-0.100 done=False trnc=False
[2026-07-13 09:10:28] DEBUG   step 40 | action=1 reward=-0.100 done=False trnc=False
[2026-07-13 09:10:31] DEBUG   step 41 | action=3 reward=-0.100 done=False trnc=False
[2026-07-13 09:10:34] DEBUG   step 42 | action=2 reward=-0.100 done=False trnc=False
[2026-07-13 09:10:37] DEBUG   step 43 | action=2 reward=-0.100 done=False trnc=False
[2026-07-13 09:10:40] DEBUG   step 44 | action=0 reward=+0.000 done=False trnc=False
[2026-07-13 09:10:43] DEBUG   step 45 | action=1 reward=-0.100 done=False trnc=False
[2026-07-13 09:10:46] DEBUG   step 46 | action=3 reward=-0.100 done=False trnc=False
[2026-07-13 09:10:49] DEBUG   step 47 | action=1 reward=-0.100 done=False trnc=False
[2026-07-13 09:10:52] DEBUG   step 48 | action=2 reward=-0.100 done=False trnc=False
[2026-07-13 09:10:55] DEBUG   step 49 | action=1 reward=-0.100 done=False trnc=False
[2026-07-13 09:10:58] DEBUG   step 50 | action=1 reward=-0.100 done=False trnc=True
[2026-07-13 09:10:58] INFO    -> reward=-3.90  avg_last_20=-3.775  steps=50  done=True
[2026-07-13 09:11:08] INFO  Episode  23/30 | failing link=0 port=1
[2026-07-13 09:11:23] DEBUG   step  1 | action=3 reward=-0.100 done=False trnc=False
[2026-07-13 09:11:26] DEBUG   step  2 | action=2 reward=-0.100 done=False trnc=False
[2026-07-13 09:11:29] DEBUG   step  3 | action=2 reward=-0.100 done=False trnc=False
[2026-07-13 09:11:32] DEBUG   step  4 | action=0 reward=+0.000 done=False trnc=False
[2026-07-13 09:11:35] DEBUG   step  5 | action=0 reward=+0.000 done=False trnc=False
[2026-07-13 09:11:38] DEBUG   step  6 | action=1 reward=-0.100 done=False trnc=False
[2026-07-13 09:11:41] DEBUG   step  7 | action=0 reward=+0.000 done=False trnc=False
[2026-07-13 09:11:44] DEBUG   step  8 | action=3 reward=-0.100 done=False trnc=False
[2026-07-13 09:11:47] DEBUG   step  9 | action=2 reward=-0.100 done=False trnc=False
[2026-07-13 09:11:50] DEBUG   step 10 | action=2 reward=-0.100 done=False trnc=False
[2026-07-13 09:11:53] DEBUG   step 11 | action=0 reward=+0.000 done=False trnc=False
[2026-07-13 09:11:56] DEBUG   step 12 | action=2 reward=-0.100 done=False trnc=False
[2026-07-13 09:11:59] DEBUG   step 13 | action=2 reward=-0.100 done=False trnc=False
[2026-07-13 09:12:02] DEBUG   step 14 | action=0 reward=+0.000 done=False trnc=False
[2026-07-13 09:12:05] DEBUG   step 15 | action=3 reward=-0.100 done=False trnc=False
[2026-07-13 09:12:08] DEBUG   step 16 | action=1 reward=-0.100 done=False trnc=False
[2026-07-13 09:12:11] DEBUG   step 17 | action=1 reward=-0.100 done=False trnc=False
[2026-07-13 09:12:14] DEBUG   step 18 | action=1 reward=-0.100 done=False trnc=False
[2026-07-13 09:12:17] DEBUG   step 19 | action=0 reward=+0.000 done=False trnc=False
[2026-07-13 09:12:20] DEBUG   step 20 | action=2 reward=-0.100 done=False trnc=False
[2026-07-13 09:12:23] DEBUG   step 21 | action=1 reward=-0.100 done=False trnc=False
[2026-07-13 09:12:26] DEBUG   step 22 | action=0 reward=+0.000 done=False trnc=False
[2026-07-13 09:12:29] DEBUG   step 23 | action=3 reward=-0.100 done=False trnc=False
[2026-07-13 09:12:32] DEBUG   step 24 | action=2 reward=-0.100 done=False trnc=False
[2026-07-13 09:12:35] DEBUG   step 25 | action=1 reward=-0.100 done=False trnc=False
[2026-07-13 09:12:38] DEBUG   step 26 | action=0 reward=+0.000 done=False trnc=False
[2026-07-13 09:12:41] DEBUG   step 27 | action=3 reward=-0.100 done=False trnc=False
[2026-07-13 09:12:44] DEBUG   step 28 | action=3 reward=-0.100 done=False trnc=False
[2026-07-13 09:12:47] DEBUG   step 29 | action=1 reward=-0.100 done=False trnc=False
[2026-07-13 09:12:50] DEBUG   step 30 | action=1 reward=-0.100 done=False trnc=False
[2026-07-13 09:12:53] DEBUG   step 31 | action=1 reward=-0.100 done=False trnc=False
[2026-07-13 09:12:56] DEBUG   step 32 | action=1 reward=-0.100 done=False trnc=False
[2026-07-13 09:12:59] DEBUG   step 33 | action=0 reward=+0.000 done=False trnc=False
[2026-07-13 09:13:02] DEBUG   step 34 | action=2 reward=-0.100 done=False trnc=False
[2026-07-13 09:13:05] DEBUG   step 35 | action=2 reward=-0.100 done=False trnc=False
[2026-07-13 09:13:08] DEBUG   step 36 | action=3 reward=-0.100 done=False trnc=False
[2026-07-13 09:13:12] DEBUG   step 37 | action=0 reward=+0.000 done=False trnc=False
[2026-07-13 09:13:15] DEBUG   step 38 | action=1 reward=-0.100 done=False trnc=False
[2026-07-13 09:13:18] DEBUG   step 39 | action=2 reward=-0.100 done=False trnc=False
[2026-07-13 09:13:21] DEBUG   step 40 | action=1 reward=-0.100 done=False trnc=False
[2026-07-13 09:13:24] DEBUG   step 41 | action=2 reward=-0.100 done=False trnc=False
[2026-07-13 09:13:27] DEBUG   step 42 | action=1 reward=-0.100 done=False trnc=False
[2026-07-13 09:13:30] DEBUG   step 43 | action=1 reward=-0.100 done=False trnc=False
[2026-07-13 09:13:33] DEBUG   step 44 | action=1 reward=-0.100 done=False trnc=False
[2026-07-13 09:13:36] DEBUG   step 45 | action=1 reward=-0.100 done=False trnc=False
[2026-07-13 09:13:39] DEBUG   step 46 | action=3 reward=-0.100 done=False trnc=False
[2026-07-13 09:13:42] DEBUG   step 47 | action=1 reward=-0.100 done=False trnc=False
[2026-07-13 09:13:45] DEBUG   step 48 | action=2 reward=-0.100 done=False trnc=False
[2026-07-13 09:13:48] DEBUG   step 49 | action=3 reward=-0.100 done=False trnc=False
[2026-07-13 09:13:51] DEBUG   step 50 | action=1 reward=-0.100 done=False trnc=True
[2026-07-13 09:13:51] INFO    -> reward=-4.00  avg_last_20=-3.770  steps=50  done=True
[2026-07-13 09:14:01] INFO  Episode  24/30 | failing link=2 port=3
[2026-07-13 09:14:16] DEBUG   step  1 | action=2 reward=-0.100 done=False trnc=False
[2026-07-13 09:14:19] DEBUG   step  2 | action=0 reward=+0.000 done=False trnc=False
[2026-07-13 09:14:22] DEBUG   step  3 | action=3 reward=-0.100 done=False trnc=False
[2026-07-13 09:14:25] DEBUG   step  4 | action=3 reward=-0.100 done=False trnc=False
[2026-07-13 09:14:28] DEBUG   step  5 | action=1 reward=-0.100 done=False trnc=False
[2026-07-13 09:14:31] DEBUG   step  6 | action=3 reward=-0.100 done=False trnc=False
[2026-07-13 09:14:34] DEBUG   step  7 | action=2 reward=-0.100 done=False trnc=False
[2026-07-13 09:14:37] DEBUG   step  8 | action=0 reward=+0.000 done=False trnc=False
[2026-07-13 09:14:40] DEBUG   step  9 | action=1 reward=-0.100 done=False trnc=False
[2026-07-13 09:14:43] DEBUG   step 10 | action=0 reward=+0.000 done=False trnc=False
[2026-07-13 09:14:46] DEBUG   step 11 | action=3 reward=-0.100 done=False trnc=False
[2026-07-13 09:14:49] DEBUG   step 12 | action=3 reward=-0.100 done=False trnc=False
[2026-07-13 09:14:52] DEBUG   step 13 | action=1 reward=-0.100 done=False trnc=False
[2026-07-13 09:14:55] DEBUG   step 14 | action=3 reward=-0.100 done=False trnc=False
[2026-07-13 09:14:58] DEBUG   step 15 | action=3 reward=-0.100 done=False trnc=False
[2026-07-13 09:15:01] DEBUG   step 16 | action=0 reward=+0.000 done=False trnc=False
[2026-07-13 09:15:04] DEBUG   step 17 | action=0 reward=+0.000 done=False trnc=False
[2026-07-13 09:15:07] DEBUG   step 18 | action=2 reward=-0.100 done=False trnc=False
[2026-07-13 09:15:10] DEBUG   step 19 | action=2 reward=-0.100 done=False trnc=False
[2026-07-13 09:15:13] DEBUG   step 20 | action=0 reward=+0.000 done=False trnc=False
[2026-07-13 09:15:16] DEBUG   step 21 | action=0 reward=+0.000 done=False trnc=False
[2026-07-13 09:15:20] DEBUG   step 22 | action=3 reward=-0.100 done=False trnc=False
[2026-07-13 09:15:23] DEBUG   step 23 | action=2 reward=-0.100 done=False trnc=False
[2026-07-13 09:15:26] DEBUG   step 24 | action=1 reward=-0.100 done=False trnc=False
[2026-07-13 09:15:29] DEBUG   step 25 | action=0 reward=+0.000 done=False trnc=False
[2026-07-13 09:15:32] DEBUG   step 26 | action=0 reward=+0.000 done=False trnc=False
[2026-07-13 09:15:35] DEBUG   step 27 | action=1 reward=-0.100 done=False trnc=False
[2026-07-13 09:15:38] DEBUG   step 28 | action=2 reward=-0.100 done=False trnc=False
[2026-07-13 09:15:41] DEBUG   step 29 | action=1 reward=-0.100 done=False trnc=False
[2026-07-13 09:15:44] DEBUG   step 30 | action=1 reward=-0.100 done=False trnc=False
[2026-07-13 09:15:47] DEBUG   step 31 | action=2 reward=-0.100 done=False trnc=False
[2026-07-13 09:15:50] DEBUG   step 32 | action=2 reward=-0.100 done=False trnc=False
[2026-07-13 09:15:53] DEBUG   step 33 | action=3 reward=-0.100 done=False trnc=False
[2026-07-13 09:15:56] DEBUG   step 34 | action=3 reward=-0.100 done=False trnc=False
[2026-07-13 09:15:59] DEBUG   step 35 | action=2 reward=-0.100 done=False trnc=False
[2026-07-13 09:16:02] DEBUG   step 36 | action=3 reward=-0.100 done=False trnc=False
[2026-07-13 09:16:05] DEBUG   step 37 | action=2 reward=-0.100 done=False trnc=False
[2026-07-13 09:16:08] DEBUG   step 38 | action=0 reward=+0.000 done=False trnc=False
[2026-07-13 09:16:11] DEBUG   step 39 | action=3 reward=-0.100 done=False trnc=False
[2026-07-13 09:16:14] DEBUG   step 40 | action=3 reward=-0.100 done=False trnc=False
[2026-07-13 09:16:17] DEBUG   step 41 | action=3 reward=-0.100 done=False trnc=False
[2026-07-13 09:16:20] DEBUG   step 42 | action=3 reward=-0.100 done=False trnc=False
[2026-07-13 09:16:23] DEBUG   step 43 | action=2 reward=-0.100 done=False trnc=False
[2026-07-13 09:16:26] DEBUG   step 44 | action=3 reward=-0.100 done=False trnc=False
[2026-07-13 09:16:29] DEBUG   step 45 | action=2 reward=-0.100 done=False trnc=False
[2026-07-13 09:16:32] DEBUG   step 46 | action=1 reward=-0.100 done=False trnc=False
[2026-07-13 09:16:35] DEBUG   step 47 | action=3 reward=-0.100 done=False trnc=False
[2026-07-13 09:16:38] DEBUG   step 48 | action=3 reward=-0.100 done=False trnc=False
[2026-07-13 09:16:41] DEBUG   step 49 | action=2 reward=-0.100 done=False trnc=False
[2026-07-13 09:16:44] DEBUG   step 50 | action=0 reward=+0.000 done=False trnc=True
[2026-07-13 09:16:44] INFO    -> reward=-3.90  avg_last_20=-3.775  steps=50  done=True
[2026-07-13 09:16:54] INFO  Episode  25/30 | failing link=2 port=3
[2026-07-13 09:17:09] DEBUG   step  1 | action=2 reward=-0.100 done=False trnc=False
[2026-07-13 09:17:12] DEBUG   step  2 | action=1 reward=-0.100 done=False trnc=False
[2026-07-13 09:17:15] DEBUG   step  3 | action=3 reward=-0.100 done=False trnc=False
[2026-07-13 09:17:18] DEBUG   step  4 | action=0 reward=+0.000 done=False trnc=False
[2026-07-13 09:17:21] DEBUG   step  5 | action=3 reward=-0.100 done=False trnc=False
[2026-07-13 09:17:24] DEBUG   step  6 | action=2 reward=-0.100 done=False trnc=False
[2026-07-13 09:17:27] DEBUG   step  7 | action=3 reward=-0.100 done=False trnc=False
[2026-07-13 09:17:30] DEBUG   step  8 | action=0 reward=+0.000 done=False trnc=False
[2026-07-13 09:17:33] DEBUG   step  9 | action=1 reward=-0.100 done=False trnc=False
[2026-07-13 09:17:36] DEBUG   step 10 | action=2 reward=-0.100 done=False trnc=False
[2026-07-13 09:17:39] DEBUG   step 11 | action=1 reward=-0.100 done=False trnc=False
[2026-07-13 09:17:42] DEBUG   step 12 | action=0 reward=+0.000 done=False trnc=False
[2026-07-13 09:17:45] DEBUG   step 13 | action=1 reward=-0.100 done=False trnc=False
[2026-07-13 09:17:48] DEBUG   step 14 | action=0 reward=+0.000 done=False trnc=False
[2026-07-13 09:17:51] DEBUG   step 15 | action=1 reward=-0.100 done=False trnc=False
[2026-07-13 09:17:54] DEBUG   step 16 | action=0 reward=+0.000 done=False trnc=False
[2026-07-13 09:17:57] DEBUG   step 17 | action=1 reward=-0.100 done=False trnc=False
[2026-07-13 09:18:00] DEBUG   step 18 | action=3 reward=-0.100 done=False trnc=False
[2026-07-13 09:18:03] DEBUG   step 19 | action=2 reward=-0.100 done=False trnc=False
[2026-07-13 09:18:06] DEBUG   step 20 | action=0 reward=+0.000 done=False trnc=False
[2026-07-13 09:18:09] DEBUG   step 21 | action=2 reward=-0.100 done=False trnc=False
[2026-07-13 09:18:12] DEBUG   step 22 | action=1 reward=-0.100 done=False trnc=False
[2026-07-13 09:18:15] DEBUG   step 23 | action=1 reward=-0.100 done=False trnc=False
[2026-07-13 09:18:18] DEBUG   step 24 | action=3 reward=-0.100 done=False trnc=False
[2026-07-13 09:18:22] DEBUG   step 25 | action=3 reward=-0.100 done=False trnc=False
[2026-07-13 09:18:25] DEBUG   step 26 | action=3 reward=-0.100 done=False trnc=False
[2026-07-13 09:18:28] DEBUG   step 27 | action=0 reward=+0.000 done=False trnc=False
[2026-07-13 09:18:31] DEBUG   step 28 | action=2 reward=-0.100 done=False trnc=False
[2026-07-13 09:18:34] DEBUG   step 29 | action=1 reward=-0.100 done=False trnc=False
[2026-07-13 09:18:37] DEBUG   step 30 | action=3 reward=-0.100 done=False trnc=False
[2026-07-13 09:18:40] DEBUG   step 31 | action=3 reward=-0.100 done=False trnc=False
[2026-07-13 09:18:43] DEBUG   step 32 | action=3 reward=-0.100 done=False trnc=False
[2026-07-13 09:18:46] DEBUG   step 33 | action=0 reward=+0.000 done=False trnc=False
[2026-07-13 09:18:49] DEBUG   step 34 | action=2 reward=-0.100 done=False trnc=False
[2026-07-13 09:18:52] DEBUG   step 35 | action=3 reward=-0.100 done=False trnc=False
[2026-07-13 09:18:55] DEBUG   step 36 | action=0 reward=+0.000 done=False trnc=False
[2026-07-13 09:18:58] DEBUG   step 37 | action=3 reward=-0.100 done=False trnc=False
[2026-07-13 09:19:01] DEBUG   step 38 | action=3 reward=-0.100 done=False trnc=False
[2026-07-13 09:19:04] DEBUG   step 39 | action=3 reward=-0.100 done=False trnc=False
[2026-07-13 09:19:07] DEBUG   step 40 | action=1 reward=-0.100 done=False trnc=False
[2026-07-13 09:19:10] DEBUG   step 41 | action=2 reward=-0.100 done=False trnc=False
[2026-07-13 09:19:13] DEBUG   step 42 | action=1 reward=-0.100 done=False trnc=False
[2026-07-13 09:19:16] DEBUG   step 43 | action=2 reward=-0.100 done=False trnc=False
[2026-07-13 09:19:19] DEBUG   step 44 | action=3 reward=-0.100 done=False trnc=False
[2026-07-13 09:19:22] DEBUG   step 45 | action=0 reward=+0.000 done=False trnc=False
[2026-07-13 09:19:25] DEBUG   step 46 | action=1 reward=-0.100 done=False trnc=False
[2026-07-13 09:19:28] DEBUG   step 47 | action=3 reward=-0.100 done=False trnc=False
[2026-07-13 09:19:31] DEBUG   step 48 | action=2 reward=-0.100 done=False trnc=False
[2026-07-13 09:19:34] DEBUG   step 49 | action=0 reward=+0.000 done=False trnc=False
[2026-07-13 09:19:37] DEBUG   step 50 | action=2 reward=-0.100 done=False trnc=True
[2026-07-13 09:19:37] INFO    -> reward=-3.90  avg_last_20=-3.795  steps=50  done=True
[2026-07-13 09:19:46] INFO  Episode  26/30 | failing link=1 port=2
[2026-07-13 09:20:02] DEBUG   step  1 | action=0 reward=+0.000 done=False trnc=False
[2026-07-13 09:20:05] DEBUG   step  2 | action=0 reward=+0.000 done=False trnc=False
[2026-07-13 09:20:08] DEBUG   step  3 | action=1 reward=-0.100 done=False trnc=False
[2026-07-13 09:20:11] DEBUG   step  4 | action=2 reward=-0.100 done=False trnc=False
[2026-07-13 09:20:14] DEBUG   step  5 | action=0 reward=+0.000 done=False trnc=False
[2026-07-13 09:20:17] DEBUG   step  6 | action=0 reward=+0.000 done=False trnc=False
[2026-07-13 09:20:20] DEBUG   step  7 | action=3 reward=-0.100 done=False trnc=False
[2026-07-13 09:20:23] DEBUG   step  8 | action=0 reward=+0.000 done=False trnc=False
[2026-07-13 09:20:26] DEBUG   step  9 | action=2 reward=-0.100 done=False trnc=False
[2026-07-13 09:20:29] DEBUG   step 10 | action=3 reward=-0.100 done=False trnc=False
[2026-07-13 09:20:32] DEBUG   step 11 | action=1 reward=-0.100 done=False trnc=False
[2026-07-13 09:20:35] DEBUG   step 12 | action=2 reward=-0.100 done=False trnc=False
[2026-07-13 09:20:38] DEBUG   step 13 | action=2 reward=-0.100 done=False trnc=False
[2026-07-13 09:20:41] DEBUG   step 14 | action=3 reward=-0.100 done=False trnc=False
[2026-07-13 09:20:44] DEBUG   step 15 | action=3 reward=-0.100 done=False trnc=False
[2026-07-13 09:20:47] DEBUG   step 16 | action=0 reward=+0.000 done=False trnc=False
[2026-07-13 09:20:50] DEBUG   step 17 | action=2 reward=-0.100 done=False trnc=False
[2026-07-13 09:20:53] DEBUG   step 18 | action=1 reward=-0.100 done=False trnc=False
[2026-07-13 09:20:56] DEBUG   step 19 | action=1 reward=-0.100 done=False trnc=False
[2026-07-13 09:20:59] DEBUG   step 20 | action=2 reward=-0.100 done=False trnc=False
[2026-07-13 09:21:02] DEBUG   step 21 | action=2 reward=-0.100 done=False trnc=False
[2026-07-13 09:21:05] DEBUG   step 22 | action=1 reward=-0.100 done=False trnc=False
[2026-07-13 09:21:08] DEBUG   step 23 | action=0 reward=+0.000 done=False trnc=False
[2026-07-13 09:21:11] DEBUG   step 24 | action=3 reward=-0.100 done=False trnc=False
[2026-07-13 09:21:14] DEBUG   step 25 | action=0 reward=+0.000 done=False trnc=False
[2026-07-13 09:21:17] DEBUG   step 26 | action=3 reward=-0.100 done=False trnc=False
[2026-07-13 09:21:20] DEBUG   step 27 | action=3 reward=-0.100 done=False trnc=False
[2026-07-13 09:21:23] DEBUG   step 28 | action=0 reward=+0.000 done=False trnc=False
[2026-07-13 09:21:26] DEBUG   step 29 | action=3 reward=-0.100 done=False trnc=False
[2026-07-13 09:21:29] DEBUG   step 30 | action=2 reward=-0.100 done=False trnc=False
[2026-07-13 09:21:32] DEBUG   step 31 | action=2 reward=-0.100 done=False trnc=False
[2026-07-13 09:21:35] DEBUG   step 32 | action=1 reward=-0.100 done=False trnc=False
[2026-07-13 09:21:38] DEBUG   step 33 | action=1 reward=-0.100 done=False trnc=False
[2026-07-13 09:21:41] DEBUG   step 34 | action=0 reward=+0.000 done=False trnc=False
[2026-07-13 09:21:44] DEBUG   step 35 | action=2 reward=-0.100 done=False trnc=False
[2026-07-13 09:21:47] DEBUG   step 36 | action=2 reward=-0.100 done=False trnc=False
[2026-07-13 09:21:50] DEBUG   step 37 | action=3 reward=-0.100 done=False trnc=False
[2026-07-13 09:21:53] DEBUG   step 38 | action=0 reward=+0.000 done=False trnc=False
[2026-07-13 09:21:56] DEBUG   step 39 | action=2 reward=-0.100 done=False trnc=False
[2026-07-13 09:21:59] DEBUG   step 40 | action=1 reward=-0.100 done=False trnc=False
[2026-07-13 09:22:02] DEBUG   step 41 | action=1 reward=-0.100 done=False trnc=False
[2026-07-13 09:22:05] DEBUG   step 42 | action=3 reward=-0.100 done=False trnc=False
[2026-07-13 09:22:08] DEBUG   step 43 | action=0 reward=+0.000 done=False trnc=False
[2026-07-13 09:22:11] DEBUG   step 44 | action=0 reward=+0.000 done=False trnc=False
[2026-07-13 09:22:14] DEBUG   step 45 | action=3 reward=-0.100 done=False trnc=False
[2026-07-13 09:22:17] DEBUG   step 46 | action=3 reward=-0.100 done=False trnc=False
[2026-07-13 09:22:20] DEBUG   step 47 | action=0 reward=+0.000 done=False trnc=False
[2026-07-13 09:22:23] DEBUG   step 48 | action=3 reward=-0.100 done=False trnc=False
[2026-07-13 09:22:27] DEBUG   step 49 | action=3 reward=-0.100 done=False trnc=False
[2026-07-13 09:22:30] DEBUG   step 50 | action=0 reward=+0.000 done=False trnc=True
[2026-07-13 09:22:30] INFO    -> reward=-3.50  avg_last_20=-3.790  steps=50  done=True
[2026-07-13 09:22:39] INFO  Episode  27/30 | failing link=1 port=2
[2026-07-13 09:22:55] DEBUG   step  1 | action=3 reward=-0.100 done=False trnc=False
[2026-07-13 09:22:58] DEBUG   step  2 | action=1 reward=-0.100 done=False trnc=False
[2026-07-13 09:23:01] DEBUG   step  3 | action=1 reward=-0.100 done=False trnc=False
[2026-07-13 09:23:04] DEBUG   step  4 | action=1 reward=-0.100 done=False trnc=False
[2026-07-13 09:23:07] DEBUG   step  5 | action=2 reward=-0.100 done=False trnc=False
[2026-07-13 09:23:10] DEBUG   step  6 | action=1 reward=-0.100 done=False trnc=False
[2026-07-13 09:23:13] DEBUG   step  7 | action=0 reward=+0.000 done=False trnc=False
[2026-07-13 09:23:16] DEBUG   step  8 | action=3 reward=-0.100 done=False trnc=False
[2026-07-13 09:23:19] DEBUG   step  9 | action=2 reward=-0.100 done=False trnc=False
[2026-07-13 09:23:22] DEBUG   step 10 | action=2 reward=-0.100 done=False trnc=False
[2026-07-13 09:23:25] DEBUG   step 11 | action=1 reward=-0.100 done=False trnc=False
[2026-07-13 09:23:28] DEBUG   step 12 | action=1 reward=-0.100 done=False trnc=False
[2026-07-13 09:23:31] DEBUG   step 13 | action=1 reward=-0.100 done=False trnc=False
[2026-07-13 09:23:34] DEBUG   step 14 | action=2 reward=-0.100 done=False trnc=False
[2026-07-13 09:23:37] DEBUG   step 15 | action=1 reward=-0.100 done=False trnc=False
[2026-07-13 09:23:40] DEBUG   step 16 | action=2 reward=-0.100 done=False trnc=False
[2026-07-13 09:23:43] DEBUG   step 17 | action=2 reward=-0.100 done=False trnc=False
[2026-07-13 09:23:46] DEBUG   step 18 | action=0 reward=+0.000 done=False trnc=False
[2026-07-13 09:23:49] DEBUG   step 19 | action=0 reward=+0.000 done=False trnc=False
[2026-07-13 09:23:52] DEBUG   step 20 | action=2 reward=-0.100 done=False trnc=False
[2026-07-13 09:23:55] DEBUG   step 21 | action=2 reward=-0.100 done=False trnc=False
[2026-07-13 09:23:58] DEBUG   step 22 | action=3 reward=-0.100 done=False trnc=False
[2026-07-13 09:24:01] DEBUG   step 23 | action=3 reward=-0.100 done=False trnc=False
[2026-07-13 09:24:04] DEBUG   step 24 | action=1 reward=-0.100 done=False trnc=False
[2026-07-13 09:24:07] DEBUG   step 25 | action=0 reward=+0.000 done=False trnc=False
[2026-07-13 09:24:10] DEBUG   step 26 | action=0 reward=+0.000 done=False trnc=False
[2026-07-13 09:24:13] DEBUG   step 27 | action=1 reward=-0.100 done=False trnc=False
[2026-07-13 09:24:16] DEBUG   step 28 | action=1 reward=-0.100 done=False trnc=False
[2026-07-13 09:24:19] DEBUG   step 29 | action=1 reward=-0.100 done=False trnc=False
[2026-07-13 09:24:22] DEBUG   step 30 | action=2 reward=-0.100 done=False trnc=False
[2026-07-13 09:24:25] DEBUG   step 31 | action=3 reward=-0.100 done=False trnc=False
[2026-07-13 09:24:28] DEBUG   step 32 | action=0 reward=+0.000 done=False trnc=False
[2026-07-13 09:24:31] DEBUG   step 33 | action=0 reward=+0.000 done=False trnc=False
[2026-07-13 09:24:34] DEBUG   step 34 | action=1 reward=-0.100 done=False trnc=False
[2026-07-13 09:24:37] DEBUG   step 35 | action=1 reward=-0.100 done=False trnc=False
[2026-07-13 09:24:40] DEBUG   step 36 | action=2 reward=-0.100 done=False trnc=False
[2026-07-13 09:24:43] DEBUG   step 37 | action=1 reward=-0.100 done=False trnc=False
[2026-07-13 09:24:46] DEBUG   step 38 | action=0 reward=+0.000 done=False trnc=False
[2026-07-13 09:24:49] DEBUG   step 39 | action=3 reward=-0.100 done=False trnc=False
[2026-07-13 09:24:52] DEBUG   step 40 | action=2 reward=-0.100 done=False trnc=False
[2026-07-13 09:24:55] DEBUG   step 41 | action=0 reward=+0.000 done=False trnc=False
[2026-07-13 09:24:58] DEBUG   step 42 | action=2 reward=-0.100 done=False trnc=False
[2026-07-13 09:25:01] DEBUG   step 43 | action=3 reward=-0.100 done=False trnc=False
[2026-07-13 09:25:04] DEBUG   step 44 | action=0 reward=+0.000 done=False trnc=False
[2026-07-13 09:25:07] DEBUG   step 45 | action=1 reward=-0.100 done=False trnc=False
[2026-07-13 09:25:10] DEBUG   step 46 | action=1 reward=-0.100 done=False trnc=False
[2026-07-13 09:25:13] DEBUG   step 47 | action=0 reward=+0.000 done=False trnc=False
[2026-07-13 09:25:16] DEBUG   step 48 | action=1 reward=-0.100 done=False trnc=False
[2026-07-13 09:25:19] DEBUG   step 49 | action=1 reward=-0.100 done=False trnc=False
[2026-07-13 09:25:22] DEBUG   step 50 | action=2 reward=-0.100 done=False trnc=True
[2026-07-13 09:25:22] INFO    -> reward=-3.90  avg_last_20=-3.780  steps=50  done=True
[2026-07-13 09:25:32] INFO  Episode  28/30 | failing link=0 port=1
[2026-07-13 09:25:48] DEBUG   step  1 | action=1 reward=-0.100 done=False trnc=False
[2026-07-13 09:25:51] DEBUG   step  2 | action=0 reward=+0.000 done=False trnc=False
[2026-07-13 09:25:54] DEBUG   step  3 | action=2 reward=-0.100 done=False trnc=False
[2026-07-13 09:25:57] DEBUG   step  4 | action=1 reward=-0.100 done=False trnc=False
[2026-07-13 09:26:00] DEBUG   step  5 | action=2 reward=-0.100 done=False trnc=False
[2026-07-13 09:26:03] DEBUG   step  6 | action=1 reward=-0.100 done=False trnc=False
[2026-07-13 09:26:06] DEBUG   step  7 | action=0 reward=+0.000 done=False trnc=False
[2026-07-13 09:26:09] DEBUG   step  8 | action=3 reward=-0.100 done=False trnc=False
[2026-07-13 09:26:12] DEBUG   step  9 | action=0 reward=+0.000 done=False trnc=False
[2026-07-13 09:26:15] DEBUG   step 10 | action=2 reward=-0.100 done=False trnc=False
[2026-07-13 09:26:18] DEBUG   step 11 | action=3 reward=-0.100 done=False trnc=False
[2026-07-13 09:26:21] DEBUG   step 12 | action=1 reward=-0.100 done=False trnc=False
[2026-07-13 09:26:24] DEBUG   step 13 | action=3 reward=-0.100 done=False trnc=False
[2026-07-13 09:26:27] DEBUG   step 14 | action=1 reward=-0.100 done=False trnc=False
[2026-07-13 09:26:30] DEBUG   step 15 | action=3 reward=-0.100 done=False trnc=False
[2026-07-13 09:26:33] DEBUG   step 16 | action=1 reward=-0.100 done=False trnc=False
[2026-07-13 09:26:36] DEBUG   step 17 | action=3 reward=-0.100 done=False trnc=False
[2026-07-13 09:26:39] DEBUG   step 18 | action=1 reward=-0.100 done=False trnc=False
[2026-07-13 09:26:42] DEBUG   step 19 | action=2 reward=-0.100 done=False trnc=False
[2026-07-13 09:26:45] DEBUG   step 20 | action=0 reward=+0.000 done=False trnc=False
[2026-07-13 09:26:48] DEBUG   step 21 | action=0 reward=+0.000 done=False trnc=False
[2026-07-13 09:26:51] DEBUG   step 22 | action=1 reward=-0.100 done=False trnc=False
[2026-07-13 09:26:54] DEBUG   step 23 | action=2 reward=-0.100 done=False trnc=False
[2026-07-13 09:26:57] DEBUG   step 24 | action=3 reward=-0.100 done=False trnc=False
[2026-07-13 09:27:00] DEBUG   step 25 | action=0 reward=+0.000 done=False trnc=False
[2026-07-13 09:27:03] DEBUG   step 26 | action=1 reward=-0.100 done=False trnc=False
[2026-07-13 09:27:06] DEBUG   step 27 | action=2 reward=-0.100 done=False trnc=False
[2026-07-13 09:27:09] DEBUG   step 28 | action=3 reward=-0.100 done=False trnc=False
[2026-07-13 09:27:12] DEBUG   step 29 | action=1 reward=-0.100 done=False trnc=False
[2026-07-13 09:27:15] DEBUG   step 30 | action=1 reward=-0.100 done=False trnc=False
[2026-07-13 09:27:18] DEBUG   step 31 | action=2 reward=-0.100 done=False trnc=False
[2026-07-13 09:27:21] DEBUG   step 32 | action=0 reward=+0.000 done=False trnc=False
[2026-07-13 09:27:24] DEBUG   step 33 | action=0 reward=+0.000 done=False trnc=False
[2026-07-13 09:27:27] DEBUG   step 34 | action=2 reward=-0.100 done=False trnc=False
[2026-07-13 09:27:30] DEBUG   step 35 | action=1 reward=-0.100 done=False trnc=False
[2026-07-13 09:27:33] DEBUG   step 36 | action=0 reward=+0.000 done=False trnc=False
[2026-07-13 09:27:36] DEBUG   step 37 | action=2 reward=-0.100 done=False trnc=False
[2026-07-13 09:27:39] DEBUG   step 38 | action=0 reward=+0.000 done=False trnc=False
[2026-07-13 09:27:42] DEBUG   step 39 | action=2 reward=-0.100 done=False trnc=False
[2026-07-13 09:27:45] DEBUG   step 40 | action=1 reward=-0.100 done=False trnc=False
[2026-07-13 09:27:48] DEBUG   step 41 | action=3 reward=-0.100 done=False trnc=False
[2026-07-13 09:27:51] DEBUG   step 42 | action=2 reward=-0.100 done=False trnc=False
[2026-07-13 09:27:54] DEBUG   step 43 | action=2 reward=-0.100 done=False trnc=False
[2026-07-13 09:27:57] DEBUG   step 44 | action=2 reward=-0.100 done=False trnc=False
[2026-07-13 09:28:00] DEBUG   step 45 | action=0 reward=+0.000 done=False trnc=False
[2026-07-13 09:28:03] DEBUG   step 46 | action=2 reward=-0.100 done=False trnc=False
[2026-07-13 09:28:06] DEBUG   step 47 | action=3 reward=-0.100 done=False trnc=False
[2026-07-13 09:28:09] DEBUG   step 48 | action=2 reward=-0.100 done=False trnc=False
[2026-07-13 09:28:12] DEBUG   step 49 | action=0 reward=+0.000 done=False trnc=False
[2026-07-13 09:28:15] DEBUG   step 50 | action=3 reward=-0.100 done=False trnc=True
[2026-07-13 09:28:15] INFO    -> reward=-3.80  avg_last_20=-3.750  steps=50  done=True
[2026-07-13 09:28:25] INFO  Episode  29/30 | failing link=2 port=3
[2026-07-13 09:28:41] DEBUG   step  1 | action=1 reward=-0.100 done=False trnc=False
[2026-07-13 09:28:44] DEBUG   step  2 | action=3 reward=-0.100 done=False trnc=False
[2026-07-13 09:28:47] DEBUG   step  3 | action=2 reward=-0.100 done=False trnc=False
[2026-07-13 09:28:50] DEBUG   step  4 | action=1 reward=-0.100 done=False trnc=False
[2026-07-13 09:28:53] DEBUG   step  5 | action=1 reward=-0.100 done=False trnc=False
[2026-07-13 09:28:56] DEBUG   step  6 | action=2 reward=-0.100 done=False trnc=False
[2026-07-13 09:28:59] DEBUG   step  7 | action=1 reward=-0.100 done=False trnc=False
[2026-07-13 09:29:02] DEBUG   step  8 | action=1 reward=-0.100 done=False trnc=False
[2026-07-13 09:29:05] DEBUG   step  9 | action=1 reward=-0.100 done=False trnc=False
[2026-07-13 09:29:08] DEBUG   step 10 | action=0 reward=+0.000 done=False trnc=False
[2026-07-13 09:29:11] DEBUG   step 11 | action=0 reward=+0.000 done=False trnc=False
[2026-07-13 09:29:14] DEBUG   step 12 | action=3 reward=-0.100 done=False trnc=False
[2026-07-13 09:29:17] DEBUG   step 13 | action=3 reward=-0.100 done=False trnc=False
[2026-07-13 09:29:20] DEBUG   step 14 | action=3 reward=-0.100 done=False trnc=False
[2026-07-13 09:29:23] DEBUG   step 15 | action=2 reward=-0.100 done=False trnc=False
[2026-07-13 09:29:26] DEBUG   step 16 | action=2 reward=-0.100 done=False trnc=False
[2026-07-13 09:29:29] DEBUG   step 17 | action=2 reward=-0.100 done=False trnc=False
[2026-07-13 09:29:32] DEBUG   step 18 | action=0 reward=+0.000 done=False trnc=False
[2026-07-13 09:29:35] DEBUG   step 19 | action=3 reward=-0.100 done=False trnc=False
[2026-07-13 09:29:38] DEBUG   step 20 | action=3 reward=-0.100 done=False trnc=False
[2026-07-13 09:29:41] DEBUG   step 21 | action=3 reward=-0.100 done=False trnc=False
[2026-07-13 09:29:44] DEBUG   step 22 | action=0 reward=+0.000 done=False trnc=False
[2026-07-13 09:29:47] DEBUG   step 23 | action=3 reward=-0.100 done=False trnc=False
[2026-07-13 09:29:50] DEBUG   step 24 | action=3 reward=-0.100 done=False trnc=False
[2026-07-13 09:29:53] DEBUG   step 25 | action=2 reward=-0.100 done=False trnc=False
[2026-07-13 09:29:56] DEBUG   step 26 | action=0 reward=+0.000 done=False trnc=False
[2026-07-13 09:29:59] DEBUG   step 27 | action=1 reward=-0.100 done=False trnc=False
[2026-07-13 09:30:02] DEBUG   step 28 | action=0 reward=+0.000 done=False trnc=False
[2026-07-13 09:30:05] DEBUG   step 29 | action=3 reward=-0.100 done=False trnc=False
[2026-07-13 09:30:08] DEBUG   step 30 | action=2 reward=-0.100 done=False trnc=False
[2026-07-13 09:30:11] DEBUG   step 31 | action=3 reward=-0.100 done=False trnc=False
[2026-07-13 09:30:14] DEBUG   step 32 | action=3 reward=-0.100 done=False trnc=False
[2026-07-13 09:30:17] DEBUG   step 33 | action=2 reward=-0.100 done=False trnc=False
[2026-07-13 09:30:20] DEBUG   step 34 | action=2 reward=-0.100 done=False trnc=False
[2026-07-13 09:30:23] DEBUG   step 35 | action=0 reward=+0.000 done=False trnc=False
[2026-07-13 09:30:26] DEBUG   step 36 | action=3 reward=-0.100 done=False trnc=False
[2026-07-13 09:30:29] DEBUG   step 37 | action=1 reward=-0.100 done=False trnc=False
[2026-07-13 09:30:32] DEBUG   step 38 | action=1 reward=-0.100 done=False trnc=False
[2026-07-13 09:30:35] DEBUG   step 39 | action=1 reward=-0.100 done=False trnc=False
[2026-07-13 09:30:38] DEBUG   step 40 | action=3 reward=-0.100 done=False trnc=False
[2026-07-13 09:30:41] DEBUG   step 41 | action=0 reward=+0.000 done=False trnc=False
[2026-07-13 09:30:44] DEBUG   step 42 | action=3 reward=-0.100 done=False trnc=False
[2026-07-13 09:30:47] DEBUG   step 43 | action=0 reward=+0.000 done=False trnc=False
[2026-07-13 09:30:50] DEBUG   step 44 | action=1 reward=-0.100 done=False trnc=False
[2026-07-13 09:30:53] DEBUG   step 45 | action=1 reward=-0.100 done=False trnc=False
[2026-07-13 09:30:56] DEBUG   step 46 | action=0 reward=+0.000 done=False trnc=False
[2026-07-13 09:30:59] DEBUG   step 47 | action=2 reward=-0.100 done=False trnc=False
[2026-07-13 09:31:02] DEBUG   step 48 | action=1 reward=-0.100 done=False trnc=False
[2026-07-13 09:31:05] DEBUG   step 49 | action=2 reward=-0.100 done=False trnc=False
[2026-07-13 09:31:08] DEBUG   step 50 | action=2 reward=-0.100 done=False trnc=True
[2026-07-13 09:31:08] INFO    -> reward=-4.00  avg_last_20=-3.770  steps=50  done=True
[2026-07-13 09:31:18] INFO  Episode  30/30 | failing link=2 port=3
[2026-07-13 09:31:34] DEBUG   step  1 | action=1 reward=-0.100 done=False trnc=False
[2026-07-13 09:31:37] DEBUG   step  2 | action=2 reward=-0.100 done=False trnc=False
[2026-07-13 09:31:40] DEBUG   step  3 | action=1 reward=-0.100 done=False trnc=False
[2026-07-13 09:31:43] DEBUG   step  4 | action=3 reward=-0.100 done=False trnc=False
[2026-07-13 09:31:46] DEBUG   step  5 | action=0 reward=+0.000 done=False trnc=False
[2026-07-13 09:31:49] DEBUG   step  6 | action=0 reward=+0.000 done=False trnc=False
[2026-07-13 09:31:52] DEBUG   step  7 | action=1 reward=-0.100 done=False trnc=False
[2026-07-13 09:31:55] DEBUG   step  8 | action=3 reward=-0.100 done=False trnc=False
[2026-07-13 09:31:58] DEBUG   step  9 | action=1 reward=-0.100 done=False trnc=False
[2026-07-13 09:32:01] DEBUG   step 10 | action=2 reward=-0.100 done=False trnc=False
[2026-07-13 09:32:04] DEBUG   step 11 | action=3 reward=-0.100 done=False trnc=False
[2026-07-13 09:32:07] DEBUG   step 12 | action=1 reward=-0.100 done=False trnc=False
[2026-07-13 09:32:10] DEBUG   step 13 | action=0 reward=+0.000 done=False trnc=False
[2026-07-13 09:32:13] DEBUG   step 14 | action=0 reward=+0.000 done=False trnc=False
[2026-07-13 09:32:16] DEBUG   step 15 | action=0 reward=+0.000 done=False trnc=False
[2026-07-13 09:32:19] DEBUG   step 16 | action=3 reward=-0.100 done=False trnc=False
[2026-07-13 09:32:22] DEBUG   step 17 | action=0 reward=+0.000 done=False trnc=False
[2026-07-13 09:32:25] DEBUG   step 18 | action=1 reward=-0.100 done=False trnc=False
[2026-07-13 09:32:28] DEBUG   step 19 | action=2 reward=-0.100 done=False trnc=False
[2026-07-13 09:32:31] DEBUG   step 20 | action=1 reward=-0.100 done=False trnc=False
[2026-07-13 09:32:34] DEBUG   step 21 | action=3 reward=-0.100 done=False trnc=False
[2026-07-13 09:32:37] DEBUG   step 22 | action=2 reward=-0.100 done=False trnc=False
[2026-07-13 09:32:40] DEBUG   step 23 | action=0 reward=+0.000 done=False trnc=False
[2026-07-13 09:32:43] DEBUG   step 24 | action=1 reward=-0.100 done=False trnc=False
[2026-07-13 09:32:46] DEBUG   step 25 | action=1 reward=-0.100 done=False trnc=False
[2026-07-13 09:32:49] DEBUG   step 26 | action=3 reward=-0.100 done=False trnc=False
[2026-07-13 09:32:52] DEBUG   step 27 | action=0 reward=+0.000 done=False trnc=False
[2026-07-13 09:32:55] DEBUG   step 28 | action=0 reward=+0.000 done=False trnc=False
[2026-07-13 09:32:58] DEBUG   step 29 | action=3 reward=-0.100 done=False trnc=False
[2026-07-13 09:33:01] DEBUG   step 30 | action=2 reward=-0.100 done=False trnc=False
[2026-07-13 09:33:04] DEBUG   step 31 | action=0 reward=+0.000 done=False trnc=False
[2026-07-13 09:33:07] DEBUG   step 32 | action=3 reward=-0.100 done=False trnc=False
[2026-07-13 09:33:10] DEBUG   step 33 | action=0 reward=+0.000 done=False trnc=False
[2026-07-13 09:33:13] DEBUG   step 34 | action=0 reward=+0.000 done=False trnc=False
[2026-07-13 09:33:16] DEBUG   step 35 | action=1 reward=-0.100 done=False trnc=False
[2026-07-13 09:33:19] DEBUG   step 36 | action=1 reward=-0.100 done=False trnc=False
[2026-07-13 09:33:22] DEBUG   step 37 | action=2 reward=-0.100 done=False trnc=False
[2026-07-13 09:33:25] DEBUG   step 38 | action=3 reward=-0.100 done=False trnc=False
[2026-07-13 09:33:28] DEBUG   step 39 | action=1 reward=-0.100 done=False trnc=False
[2026-07-13 09:33:31] DEBUG   step 40 | action=2 reward=-0.100 done=False trnc=False
[2026-07-13 09:33:34] DEBUG   step 41 | action=0 reward=+0.000 done=False trnc=False
[2026-07-13 09:33:37] DEBUG   step 42 | action=3 reward=-0.100 done=False trnc=False
[2026-07-13 09:33:40] DEBUG   step 43 | action=2 reward=-0.100 done=False trnc=False
[2026-07-13 09:33:43] DEBUG   step 44 | action=3 reward=-0.100 done=False trnc=False
[2026-07-13 09:33:46] DEBUG   step 45 | action=2 reward=-0.100 done=False trnc=False
[2026-07-13 09:33:49] DEBUG   step 46 | action=1 reward=-0.100 done=False trnc=False
[2026-07-13 09:33:52] DEBUG   step 47 | action=2 reward=-0.100 done=False trnc=False
[2026-07-13 09:33:55] DEBUG   step 48 | action=0 reward=+0.000 done=False trnc=False
[2026-07-13 09:33:58] DEBUG   step 49 | action=1 reward=-0.100 done=False trnc=False
[2026-07-13 09:34:01] DEBUG   step 50 | action=2 reward=-0.100 done=False trnc=True
[2026-07-13 09:34:01] INFO    -> reward=-3.60  avg_last_20=-3.795  steps=50  done=True
[2026-07-13 09:34:11] INFO  Training complete. Model saved to self_healing_final.zip
